character,X,Y,Z,H,DD,UD,S,y
77,0.32129,-0.11835,-2.64924,0.1491,0.3979,0.2488,1,Thanush S
82,0.32129,-0.11835,-2.64924,0.1111,0.3451,0.234,1,Thanush S
85,0.78839,-0.08535,-1.31034,0.1328,0.2072,0.0744,1,Thanush S
68,0.78839,-0.08535,-1.31034,0.1291,0.2515,0.1224,1,Thanush S
83,0.72629,0.1566,-0.00234,0.1249,0.2317,0.1068,1,Thanush S
70,0.72629,0.1566,-0.00234,0.1394,0.2343,0.0949,1,Thanush S
73,0.04334,0.2547,-0.26334,0.1064,0.2069,0.1005,1,Thanush S
71,0.04334,0.2547,-0.26334,0.0929,0.181,0.0881,1,Thanush S
71,-0.56971,0.2046,-1.23129,0.0966,0.1797,0.0831,1,Thanush S
73,-0.56971,0.2046,-1.23129,0.1093,0.1807,0.0714,1,Thanush S
76,-0.69661,0.5046,-1.23834,0.0887,0.166,0.0773,1,Thanush S
99,-0.69661,0.5046,-1.23834,0.0911,0.1525,0.0614,1,Thanush S
70,-0.02866,0.4776,-0.53934,0.1114,0.162,0.0506,1,Thanush S
83,-0.02866,0.4776,-0.53934,0.0903,0.1871,0.0968,1,Thanush S
86,0.08234,-0.0633,0.21576,0.1169,0.2562,0.1393,1,Thanush S
69,0.08234,-0.0633,0.21576,0.127,0.1839,0.0569,1,Thanush S
84,-0.47566,-0.2673,-0.26829,0.1016,0.1799,0.0783,1,Thanush S
76,-0.47566,-0.2673,-0.26829,0.1056,0.1755,0.0699,1,Thanush S
126,-0.09271,-0.13035,-1.08729,0.1177,0.2237,0.106,1,Thanush S
86,-0.09271,-0.13035,-1.08729,0.1027,0.1781,0.0754,1,Thanush S
77,0.30217,-0.03618,0.10098,0.1016,0.1374,0.0358,1,Thanush S
76,0.30217,-0.03618,0.10098,0.1072,0.2217,0.1145,1,Thanush S
83,0.30217,-0.03618,0.10098,0.1243,0.1841,0.0598,1,Thanush S
73,0.29212,-0.12213,0.72408,0.1241,0.2019,0.0778,1,Thanush S
78,0.29212,-0.12213,0.72408,0.1098,0.1567,0.0469,1,Thanush S
83,0.29212,-0.12213,0.72408,0.0916,0.1691,0.0775,1,Thanush S
76,0.34717,-0.36423,0.04398,0.1272,0.195,0.0678,1,Thanush S
73,0.34717,-0.36423,0.04398,0.0874,0.1726,0.0852,1,Thanush S
83,0.34717,-0.36423,0.04398,0.0948,0.1979,0.1031,1,Thanush S
76,0.62812,0.03282,-0.91197,0.1196,0.1356,0.016,1,Thanush S
73,0.62812,0.03282,-0.91197,0.0961,0.2333,0.1372,1,Thanush S
76,0.62812,0.03282,-0.91197,0.1172,0.1731,0.0559,1,Thanush S
78,0.26812,0.49977,-1.26402,0.1225,0.2626,0.1401,1,Thanush S
78,0.26812,0.49977,-1.26402,0.1022,0.2309,0.1287,1,Thanush S
76,0.26812,0.49977,-1.26402,0.113,0.205,0.092,1,Thanush S
78,0.38122,0.02382,-0.76092,0.1185,0.2013,0.0828,1,Thanush S
78,0.38122,0.02382,-0.76092,0.1122,0.5953,0.4831,1,Thanush S
81,0.38122,0.02382,-0.76092,0.1185,0.1855,0.067,1,Thanush S
78,0.57517,-0.25923,-0.83502,0.1209,0.1868,0.0659,1,Thanush S
76,0.57517,-0.25923,-0.83502,0.1161,0.2145,0.0984,1,Thanush S
78,0.57517,-0.25923,-0.83502,0.0945,0.2404,0.1459,1,Thanush S
76,0.37417,0.27282,-1.17297,0.0993,0.1396,0.0403,1,Thanush S
78,0.37417,0.27282,-1.17297,0.1154,0.2037,0.0883,1,Thanush S
73,0.37417,0.27282,-1.17297,0.1209,0.1947,0.0738,1,Thanush S
76,0.66817,0.32082,-0.48102,0.1043,0.3145,0.2102,1,Thanush S
73,0.66817,0.32082,-0.48102,0.1138,0.1908,0.077,1,Thanush S
78,0.66817,0.32082,-0.48102,0.1446,0.1963,0.0517,1,Thanush S
76,0.37612,-0.27813,-0.33492,0.0776,0.4995,0.4219,1,Thanush S
78,0.37612,-0.27813,-0.33492,0.1029,0.2292,0.1263,1,Thanush S
76,0.37612,-0.27813,-0.33492,0.1217,0.2127,0.091,1,Thanush S
78,-0.56747,-0.23054,-1.39108,0.1446,0.4628,0.3182,2,Thanush S
73,-0.56747,-0.23054,-1.39108,0.109,0.2343,0.1253,2,Thanush S
76,-0.56747,-0.23054,-1.39108,0.0977,0.1953,0.0976,2,Thanush S
82,-0.56747,-0.23054,-1.39108,0.0977,0.1976,0.0999,2,Thanush S
80,-0.97157,0.58441,-1.67608,0.1056,0.1897,0.0841,2,Thanush S
72,-0.97157,0.58441,-1.67608,0.0911,0.1132,0.0221,2,Thanush S
78,-0.97157,0.58441,-1.67608,0.0855,0.1796,0.0941,2,Thanush S
83,-0.97157,0.58441,-1.67608,0.0958,0.1696,0.0738,2,Thanush S
81,-1.00052,0.35446,-0.24913,0.113,0.1457,0.0327,2,Thanush S
76,-1.00052,0.35446,-0.24913,0.0995,0.1942,0.0947,2,Thanush S
76,-1.00052,0.35446,-0.24913,0.1198,0.2079,0.0881,2,Thanush S
77,-1.00052,0.35446,-0.24913,0.1098,0.2002,0.0904,2,Thanush S
73,-0.34457,-0.23549,0.60887,0.1106,0.2435,0.1329,2,Thanush S
71,-0.34457,-0.23549,0.60887,0.1077,0.209,0.1013,2,Thanush S
87,-0.34457,-0.23549,0.60887,0.1106,0.2084,0.0978,2,Thanush S
82,-0.34457,-0.23549,0.60887,0.1016,0.1633,0.0617,2,Thanush S
73,0.18253,-0.24254,-0.17908,0.1122,0.1623,0.0501,2,Thanush S
73,0.18253,-0.24254,-0.17908,0.1016,0.1511,0.0495,2,Thanush S
83,0.18253,-0.24254,-0.17908,0.0927,0.2167,0.124,2,Thanush S
82,0.18253,-0.24254,-0.17908,0.1106,0.1942,0.0836,2,Thanush S
82,0.09148,-0.34259,-0.58618,0.1093,0.218,0.1087,2,Thanush S
86,0.09148,-0.34259,-0.58618,0.1172,0.1929,0.0757,2,Thanush S
77,0.09148,-0.34259,-0.58618,0.1056,0.2385,0.1329,2,Thanush S
74,0.09148,-0.34259,-0.58618,0.0948,0.1821,0.0873,2,Thanush S
89,0.00553,-0.38849,-0.43318,0.1074,0.1525,0.0451,2,Thanush S
64,0.00553,-0.38849,-0.43318,0.0982,0.1947,0.0965,2,Thanush S
75,0.00553,-0.38849,-0.43318,0.1148,0.1897,0.0749,2,Thanush S
75,0.00553,-0.38849,-0.43318,0.1301,0.1923,0.0622,2,Thanush S
72,0.17248,0.21751,-0.39718,0.1109,0.2,0.0891,2,Thanush S
88,0.17248,0.21751,-0.39718,0.0964,0.157,0.0606,2,Thanush S
86,0.17248,0.21751,-0.39718,0.1333,0.1607,0.0274,2,Thanush S
72,0.17248,0.21751,-0.39718,0.1043,0.2064,0.1021,2,Thanush S
79,0.63253,0.41641,-0.77518,0.1032,0.1876,0.0844,2,Thanush S
87,0.63253,0.41641,-0.77518,0.1106,0.1638,0.0532,2,Thanush S
87,0.63253,0.41641,-0.77518,0.1059,0.1457,0.0398,2,Thanush S
87,0.63253,0.41641,-0.77518,0.1045,0.1664,0.0619,2,Thanush S
65,0.40103,0.6515,-0.77235,0.108,0.1594,0.0514,2,Thanush S
99,0.40103,0.6515,-0.77235,0.0979,0.163,0.0651,2,Thanush S
73,0.40103,0.6515,-0.77235,0.1051,0.1779,0.0728,2,Thanush S
69,0.40103,0.6515,-0.77235,0.1095,0.1757,0.0662,2,Thanush S
83,0.33418,0.31824,-0.0703,0.1127,0.2126,0.0999,2,Thanush S
88,0.33418,0.31824,-0.0703,0.1172,0.3496,0.2324,2,Thanush S
43,0.33418,0.31824,-0.0703,0.1069,0.1588,0.0519,2,Thanush S
82,0.33418,0.31824,-0.0703,0.0948,0.138,0.0432,2,Thanush S
72,0.33418,0.31824,-0.0703,0.1016,0.1854,0.0838,2,Thanush S
68,0.33418,0.31824,-0.0703,0.108,0.1758,0.0678,2,Thanush S
65,0.33208,0.35829,-0.4462,0.1053,0.1715,0.0662,2,Thanush S
73,0.33208,0.35829,-0.4462,0.1059,0.1882,0.0823,2,Thanush S
76,0.33208,0.35829,-0.4462,0.1262,0.2715,0.1453,2,Thanush S
71,0.33208,0.35829,-0.4462,0.1048,0.1504,0.0456,2,Thanush S
74,0.33208,0.35829,-0.4462,0.1138,0.5602,0.4464,3,Thanush S
71,0.33208,0.35829,-0.4462,0.1098,0.1855,0.0757,3,Thanush S
79,0.17818,0.14724,-0.9253,0.1103,0.2242,0.1139,3,Thanush S
79,0.17818,0.14724,-0.9253,0.104,0.1604,0.0564,3,Thanush S
83,0.17818,0.14724,-0.9253,0.109,0.2319,0.1229,3,Thanush S
88,0.17818,0.14724,-0.9253,0.1296,0.2061,0.0765,3,Thanush S
88,0.17818,0.14724,-0.9253,0.0998,0.1866,0.0868,3,Thanush S
82,0.17818,0.14724,-0.9253,0.0927,0.1586,0.0659,3,Thanush S
83,0.36508,-0.07476,-0.53725,0.1003,0.139,0.0387,3,Thanush S
80,0.36508,-0.07476,-0.53725,0.0647,0.5473,0.4826,3,Thanush S
68,0.36508,-0.07476,-0.53725,0.0969,0.1892,0.0923,3,Thanush S
73,0.36508,-0.07476,-0.53725,0.0927,0.194,0.1013,3,Thanush S
73,0.36508,-0.07476,-0.53725,0.0995,0.4918,0.3923,3,Thanush S
66,0.36508,-0.07476,-0.53725,0.1103,0.1736,0.0633,3,Thanush S
78,0.52813,0.02319,-0.0343,0.1541,0.1733,0.0192,3,Thanush S
78,0.52813,0.02319,-0.0343,0.1117,0.1573,0.0456,3,Thanush S
76,0.52813,0.02319,-0.0343,0.1204,0.1742,0.0538,3,Thanush S
74,0.52813,0.02319,-0.0343,0.0964,0.091,-0.0054,3,Thanush S
83,0.52813,0.02319,-0.0343,0.1209,0.196,0.0751,3,Thanush S
71,0.52813,0.02319,-0.0343,0.1029,0.1321,0.0292,3,Thanush S
74,-0.22592,-0.01281,-0.5152,0.1082,0.1554,0.0472,3,Thanush S
78,-0.22592,-0.01281,-0.5152,0.0985,0.1341,0.0356,3,Thanush S
66,-0.22592,-0.01281,-0.5152,0.0982,0.1483,0.0501,3,Thanush S
68,-0.22592,-0.01281,-0.5152,0.0921,0.6441,0.552,3,Thanush S
71,-0.22592,-0.01281,-0.5152,0.1072,0.156,0.0488,3,Thanush S
78,-0.22592,-0.01281,-0.5152,0.1117,0.1267,0.015,3,Thanush S
73,-0.41282,-0.15681,-1.06225,0.0948,0.166,0.0712,3,Thanush S
69,-0.41282,-0.15681,-1.06225,0.0961,0.1433,0.0472,3,Thanush S
66,-0.41282,-0.15681,-1.06225,0.0805,0.1179,0.0374,3,Thanush S
76,-0.41282,-0.15681,-1.06225,0.095,0.1274,0.0324,3,Thanush S
80,-0.41282,-0.15681,-1.06225,0.0871,0.1353,0.0482,3,Thanush S
81,-0.41282,-0.15681,-1.06225,0.0953,0.1032,0.0079,3,Thanush S
82,0.44008,0.07119,-1.1263,0.1051,0.1992,0.0941,3,Thanush S
80,0.44008,0.07119,-1.1263,0.1074,0.1498,0.0424,3,Thanush S
78,0.44008,0.07119,-1.1263,0.0924,0.1179,0.0255,3,Thanush S
78,0.44008,0.07119,-1.1263,0.1011,0.1253,0.0242,3,Thanush S
78,0.44008,0.07119,-1.1263,0.0731,0.1482,0.0751,3,Thanush S
82,0.44008,0.07119,-1.1263,0.1,0.1284,0.0284,3,Thanush S
82,0.91108,0.29424,-0.8533,0.133,0.2377,0.1047,3,Thanush S
75,0.91108,0.29424,-0.8533,0.0898,0.1214,0.0316,3,Thanush S
68,0.91108,0.29424,-0.8533,0.0752,0.2029,0.1277,3,Thanush S
71,0.91108,0.29424,-0.8533,0.1085,0.1757,0.0672,3,Thanush S
83,0.91108,0.29424,-0.8533,0.0971,0.1269,0.0298,3,Thanush S
73,0.91108,0.29424,-0.8533,0.1051,0.1649,0.0598,3,Thanush S
78,0.24613,0.26229,-0.8962,0.1053,0.1659,0.0606,3,Thanush S
71,0.24613,0.26229,-0.8962,0.0869,0.17,0.0831,3,Thanush S
73,0.24613,0.26229,-0.8962,0.108,0.1364,0.0284,3,Thanush S
71,0.24613,0.26229,-0.8962,0.0977,0.1536,0.0559,3,Thanush S
73,0.24613,0.26229,-0.8962,0.0987,0.1456,0.0469,3,Thanush S
71,0.24613,0.26229,-0.8962,0.1008,0.1345,0.0337,3,Thanush S
73,-0.07026,0.15026,-1.27202,0.1159,0.1937,0.0778,4,Thanush S
66,-0.07026,0.15026,-1.27202,0.1008,0.1622,0.0614,4,Thanush S
73,-0.07026,0.15026,-1.27202,0.1024,0.1622,0.0598,4,Thanush S
73,-0.07026,0.15026,-1.27202,0.1148,0.158,0.0432,4,Thanush S
66,-0.07026,0.15026,-1.27202,0.1032,0.1319,0.0287,4,Thanush S
73,-0.07026,0.15026,-1.27202,0.1014,0.1372,0.0358,4,Thanush S
66,-0.07026,0.15026,-1.27202,0.1069,0.1607,0.0538,4,Thanush S
73,0.14469,-0.00079,-0.84602,0.1114,0.1971,0.0857,4,Thanush S
73,0.14469,-0.00079,-0.84602,0.1037,0.1496,0.0459,4,Thanush S
71,0.14469,-0.00079,-0.84602,0.0876,0.1179,0.0303,4,Thanush S
73,0.14469,-0.00079,-0.84602,0.1143,0.1309,0.0166,4,Thanush S
83,0.14469,-0.00079,-0.84602,0.0982,0.172,0.0738,4,Thanush S
73,0.14469,-0.00079,-0.84602,0.0789,0.0907,0.0118,4,Thanush S
81,0.14469,-0.00079,-0.84602,0.1106,0.1094,-0.0012,4,Thanush S
68,0.02574,0.03221,-0.12197,0.095,0.1153,0.0203,4,Thanush S
78,0.02574,0.03221,-0.12197,0.1093,0.1216,0.0123,4,Thanush S
71,0.02574,0.03221,-0.12197,0.0977,0.114,0.0163,4,Thanush S
68,0.02574,0.03221,-0.12197,0.0813,0.0714,-0.0099,4,Thanush S
81,0.02574,0.03221,-0.12197,0.0993,0.1623,0.063,4,Thanush S
73,0.02574,0.03221,-0.12197,0.1132,0.1598,0.0466,4,Thanush S
81,0.02574,0.03221,-0.12197,0.0916,0.0733,-0.0183,4,Thanush S
73,0.11874,-0.17374,-0.16997,0.0942,0.0968,0.0026,4,Thanush S
81,0.11874,-0.17374,-0.16997,0.1204,0.1219,0.0015,4,Thanush S
73,0.11874,-0.17374,-0.16997,0.1061,0.1126,0.0065,4,Thanush S
73,0.11874,-0.17374,-0.16997,0.0816,0.0664,-0.0152,4,Thanush S
81,0.11874,-0.17374,-0.16997,0.0874,0.1053,0.0179,4,Thanush S
78,0.11874,-0.17374,-0.16997,0.085,0.1034,0.0184,4,Thanush S
88,0.11874,-0.17374,-0.16997,0.1038,0.0823,-0.0215,4,Thanush S
81,-0.17331,0.04226,-0.73997,0.1077,0.1942,0.0865,4,Thanush S
73,-0.17331,0.04226,-0.73997,0.1101,0.1089,-0.0012,4,Thanush S
78,-0.17331,0.04226,-0.73997,0.1117,0.0857,-0.026,4,Thanush S
81,-0.17331,0.04226,-0.73997,0.1167,0.0949,-0.0218,4,Thanush S
73,-0.17331,0.04226,-0.73997,0.0737,0.1011,0.0274,4,Thanush S
78,-0.17331,0.04226,-0.73997,0.1122,0.1298,0.0176,4,Thanush S
76,-0.17331,0.04226,-0.73997,0.0581,0.1005,0.0424,4,Thanush S
87,0.25269,0.32216,0.14803,0.0945,0.1148,0.0203,4,Thanush S
78,0.25269,0.32216,0.14803,0.1151,0.1752,0.0601,4,Thanush S
86,0.25269,0.32216,0.14803,0.0961,0.1401,0.044,4,Thanush S
68,0.25269,0.32216,0.14803,0.1114,0.1256,0.0142,4,Thanush S
83,0.25269,0.32216,0.14803,0.1217,0.1435,0.0218,4,Thanush S
72,0.25269,0.32216,0.14803,0.132,0.1284,-0.0036,4,Thanush S
75,0.25269,0.32216,0.14803,0.0998,0.1974,0.0976,4,Thanush S
84,0.90879,0.25526,0.12208,0.1217,0.1306,0.0089,4,Thanush S
83,0.90879,0.25526,0.12208,0.094,0.1607,0.0667,4,Thanush S
99,0.90879,0.25526,0.12208,0.1117,0.1378,0.0261,4,Thanush S
78,0.90879,0.25526,0.12208,0.1127,0.1422,0.0295,4,Thanush S
76,0.90879,0.25526,0.12208,0.1138,0.1259,0.0121,4,Thanush S
88,0.90879,0.25526,0.12208,0.1093,0.1346,0.0253,4,Thanush S
82,0.90879,0.25526,0.12208,0.1196,0.1465,0.0269,4,Thanush S
72,0.13569,0.07121,-0.58202,0.1146,0.1459,0.0313,4,Thanush S
78,0.13569,0.07121,-0.58202,0.09,0.182,0.092,5,Thanush S
81,0.13569,0.07121,-0.58202,0.0937,0.1514,0.0577,5,Thanush S
83,0.13569,0.07121,-0.58202,0.0832,0.1198,0.0366,5,Thanush S
81,0.13569,0.07121,-0.58202,0.0755,0.1282,0.0527,5,Thanush S
68,0.13569,0.07121,-0.58202,0.0805,0.1438,0.0633,5,Thanush S
78,0.13569,0.07121,-0.58202,0.1014,0.1391,0.0377,5,Thanush S
87,-0.75321,-0.00079,-0.88697,0.0934,0.1524,0.059,5,Thanush S
78,-0.75321,-0.00079,-0.88697,0.099,0.1427,0.0437,5,Thanush S
80,-0.75321,-0.00079,-0.88697,0.1124,0.129,0.0166,5,Thanush S
88,-0.75321,-0.00079,-0.88697,0.0948,0.1797,0.0849,5,Thanush S
76,-0.75321,-0.00079,-0.88697,0.0826,0.1029,0.0203,5,Thanush S
73,-0.75321,-0.00079,-0.88697,0.0737,0.2143,0.1406,5,Thanush S
79,-0.75321,-0.00079,-0.88697,0.0404,0.3504,0.31,5,Thanush S
90,-0.4717,-0.09382,-0.40807,0.0879,0.1593,0.0714,5,Thanush S
43,-0.4717,-0.09382,-0.40807,0.0652,0.0852,0.02,5,Thanush S
126,-0.4717,-0.09382,-0.40807,0.0927,0.1151,0.0224,5,Thanush S
64,-0.4717,-0.09382,-0.40807,0.1074,0.1522,0.0448,5,Thanush S
89,-0.1897,-0.18472,0.10688,0.0795,0.0572,-0.0223,5,Thanush S
89,-0.1897,-0.18472,0.10688,0.0705,0.054,-0.0165,5,Thanush S
83,-0.1897,-0.18472,0.10688,0.081,0.1129,0.0319,5,Thanush S
87,-0.1897,-0.18472,0.10688,0.1059,0.1196,0.0137,5,Thanush S
86,-0.44575,-0.51277,0.23393,0.0792,0.1121,0.0329,5,Thanush S
85,-0.44575,-0.51277,0.23393,0.0694,0.1279,0.0585,5,Thanush S
80,-0.44575,-0.51277,0.23393,0.0795,0.148,0.0685,5,Thanush S
81,-0.44575,-0.51277,0.23393,0.1037,0.1369,0.0332,5,Thanush S
81,-0.46941,-0.6073,0.67989,0.0766,0.1378,0.0612,5,Thanush S
82,-0.46941,-0.6073,0.67989,0.07,0.1077,0.0377,5,Thanush S
83,-0.46941,-0.6073,0.67989,0.0953,0.1322,0.0369,5,Thanush S
84,-0.46941,-0.6073,0.67989,0.0734,0.1704,0.097,5,Thanush S
89,0.31554,-0.4804,0.67989,0.0866,0.1507,0.0641,5,Thanush S
64,0.31554,-0.4804,0.67989,0.0934,0.1216,0.0282,5,Thanush S
64,0.31554,-0.4804,0.67989,0.0884,0.0957,0.0073,5,Thanush S
126,0.31554,-0.4804,0.67989,0.09,0.1562,0.0662,5,Thanush S
43,0.09759,0.09365,0.24879,0.085,0.153,0.068,5,Thanush S
35,0.09759,0.09365,0.24879,0.0929,0.1153,0.0224,5,Thanush S
35,0.09759,0.09365,0.24879,0.104,0.1396,0.0356,5,Thanush S
90,0.09759,0.09365,0.24879,0.1083,0.1021,-0.0062,5,Thanush S
85,-0.11241,0.4457,0.39489,0.0961,0.1058,0.0097,5,Thanush S
75,-0.11241,0.4457,0.39489,0.0679,0.1085,0.0406,5,Thanush S
76,-0.11241,0.4457,0.39489,0.0816,0.1306,0.049,5,Thanush S
77,-0.11241,0.4457,0.39489,0.0934,0.2221,0.1287,5,Thanush S
83,0.02916,0.13731,1.30624,0.0953,0.1981,0.1028,5,Thanush S
78,0.02916,0.13731,1.30624,0.088,0.0736,-0.0144,5,Thanush S
65,0.02916,0.13731,1.30624,0.0816,0.1185,0.0369,5,Thanush S
68,0.02916,0.13731,1.30624,0.0562,0.0973,0.0411,5,Thanush S
66,0.02916,0.13731,1.30624,0.1016,0.13,0.0284,5,Thanush S
69,0.63006,0.10131,1.42024,0.1059,0.109,0.0031,5,Thanush S
69,0.63006,0.10131,1.42024,0.0607,0.1482,0.0875,5,Thanush S
79,0.63006,0.10131,1.42024,0.0942,0.135,0.0408,5,Thanush S
70,0.63006,0.10131,1.42024,0.0956,0.1465,0.0509,6,Thanush S
72,0.63006,0.10131,1.42024,0.099,0.1464,0.0474,6,Thanush S
71,0.80511,0.06831,0.65419,0.0853,0.1193,0.034,6,Thanush S
73,0.80511,0.06831,0.65419,0.0842,0.1261,0.0419,6,Thanush S
77,0.80511,0.06831,0.65419,0.0702,0.1108,0.0406,6,Thanush S
74,0.80511,0.06831,0.65419,0.0998,0.1306,0.0308,6,Thanush S
79,0.80511,0.06831,0.65419,0.0824,0.0895,0.0071,6,Thanush S
78,0.49611,0.14241,-0.20276,0.1072,0.1034,-0.0038,6,Thanush S
75,0.49611,0.14241,-0.20276,0.0855,0.1488,0.0633,6,Thanush S
82,0.49611,0.14241,-0.20276,0.0837,0.1203,0.0366,6,Thanush S
80,0.49611,0.14241,-0.20276,0.0776,0.101,0.0234,6,Thanush S
81,0.49611,0.14241,-0.20276,0.0689,0.1327,0.0638,6,Thanush S
83,-0.09148,-0.24868,-0.16393,0.1036,0.0992,-0.0044,6,Thanush S
84,-0.09148,-0.24868,-0.16393,0.0927,0.1182,0.0255,6,Thanush S
64,-0.09148,-0.24868,-0.16393,0.0871,0.1987,0.1116,6,Thanush S
90,-0.09148,-0.24868,-0.16393,0.0805,0.1153,0.0348,6,Thanush S
126,-0.09148,-0.24868,-0.16393,0.0882,0.0895,0.0013,6,Thanush S
43,0.13862,-0.34468,-0.32203,0.0721,0.0237,-0.0484,6,Thanush S
43,0.13862,-0.34468,-0.32203,0.0607,0.1102,0.0495,6,Thanush S
87,0.13862,-0.34468,-0.32203,0.0789,0.1345,0.0556,6,Thanush S
86,0.13862,-0.34468,-0.32203,0.08,0.1039,0.0239,6,Thanush S
88,0.13862,-0.34468,-0.32203,0.0826,0.0936,0.011,6,Thanush S
85,-0.01738,-0.56968,-0.31198,0.099,0.1164,0.0174,6,Thanush S
89,-0.01738,-0.56968,-0.31198,0.0644,0.0844,0.02,6,Thanush S
64,-0.01738,-0.56968,-0.31198,0.0919,0.1312,0.0393,6,Thanush S
126,-0.01738,-0.56968,-0.31198,0.0847,0.1247,0.04,6,Thanush S
35,-0.01738,-0.56968,-0.31198,0.0874,0.1414,0.054,6,Thanush S
43,-0.02938,-0.58873,-0.30298,0.0929,0.124,0.0311,6,Thanush S
86,-0.02938,-0.58873,-0.30298,0.0816,0.0984,0.0168,6,Thanush S
87,-0.02938,-0.58873,-0.30298,0.0898,0.0932,0.0034,6,Thanush S
88,-0.02938,-0.58873,-0.30298,0.0887,0.0918,0.0031,6,Thanush S
80,-0.02938,-0.58873,-0.30298,0.0884,0.1292,0.0408,6,Thanush S
89,-0.25393,-0.58662,1.02991,0.0784,0.1008,0.0224,6,Thanush S
75,-0.25393,-0.58662,1.02991,0.1072,0.1039,-0.0033,6,Thanush S
84,-0.25393,-0.58662,1.02991,0.0861,0.1137,0.0276,6,Thanush S
83,-0.25393,-0.58662,1.02991,0.0821,0.0788,-0.0033,6,Thanush S
81,-0.25393,-0.58662,1.02991,0.0866,0.1219,0.0353,6,Thanush S
82,0.18407,0.23733,1.16896,0.0789,0.1182,0.0393,6,Thanush S
76,0.18407,0.23733,1.16896,0.09,0.1095,0.0195,6,Thanush S
77,0.18407,0.23733,1.16896,0.0797,0.1918,0.1121,6,Thanush S
78,0.18407,0.23733,1.16896,0.0824,0.1404,0.058,6,Thanush S
75,0.18407,0.23733,1.16896,0.0905,0.1047,0.0142,6,Thanush S
79,-0.42388,-0.53862,0.81586,0.0795,0.1407,0.0612,6,Thanush S
71,-0.42388,-0.53862,0.81586,0.0942,0.1348,0.0406,6,Thanush S
72,-0.42388,-0.53862,0.81586,0.113,0.1319,0.0189,6,Thanush S
71,-0.42388,-0.53862,0.81586,0.0969,0.1288,0.0319,6,Thanush S
73,-0.42388,-0.53862,0.81586,0.0599,0.0907,0.0308,6,Thanush S
74,-1.38688,-1.46562,-0.33314,0.1043,0.0984,-0.0059,6,Thanush S
65,-1.38688,-1.46562,-0.33314,0.1074,0.1366,0.0292,6,Thanush S
69,-1.38688,-1.46562,-0.33314,0.1151,0.1296,0.0145,6,Thanush S
69,-1.38688,-1.46562,-0.33314,0.1016,0.287,0.1854,7,Thanush S
68,-1.38688,-1.46562,-0.33314,0.1095,0.2002,0.0907,7,Thanush S
66,-2.78794,-1.51969,-0.04368,0.1029,0.139,0.0361,7,Thanush S
99,-2.78794,-1.51969,-0.04368,0.1093,0.1193,0.01,7,Thanush S
66,-2.78794,-1.51969,-0.04368,0.0979,0.1519,0.054,7,Thanush S
70,-2.78794,-1.51969,-0.04368,0.0919,0.0998,0.0079,7,Thanush S
71,-2.78794,-1.51969,-0.04368,0.0934,0.1224,0.029,7,Thanush S
76,-1.36489,-0.10864,-0.42168,0.0927,0.1135,0.0208,7,Thanush S
71,-1.36489,-0.10864,-0.42168,0.1188,0.209,0.0902,7,Thanush S
72,-1.36489,-0.10864,-0.42168,0.1161,0.1828,0.0667,7,Thanush S
77,-1.36489,-0.10864,-0.42168,0.1069,0.1322,0.0253,7,Thanush S
78,-1.36489,-0.10864,-0.42168,0.0866,0.1631,0.0765,7,Thanush S
73,0.91511,1.39541,-0.56268,0.0982,0.143,0.0448,7,Thanush S
74,0.91511,1.39541,-0.56268,0.0887,0.1419,0.0532,7,Thanush S
65,0.91511,1.39541,-0.56268,0.0966,0.12,0.0234,7,Thanush S
66,0.91511,1.39541,-0.56268,0.0953,0.1301,0.0348,7,Thanush S
99,0.91511,1.39541,-0.56268,0.1061,0.2712,0.1651,7,Thanush S
68,1.78211,0.58331,-0.66168,0.1043,0.2312,0.1269,7,Thanush S
68,1.78211,0.58331,-0.66168,0.1006,0.1494,0.0488,7,Thanush S
69,1.78211,0.58331,-0.66168,0.118,0.128,0.01,7,Thanush S
70,1.78211,0.58331,-0.66168,0.1212,0.1264,0.0052,7,Thanush S
74,1.78211,0.58331,-0.66168,0.0869,0.166,0.0791,7,Thanush S
72,1.14976,-0.29305,-2.40704,0.1272,0.2271,0.0999,7,Thanush S
70,1.14976,-0.29305,-2.40704,0.0905,0.2139,0.1234,7,Thanush S
74,1.14976,-0.29305,-2.40704,0.0919,0.1607,0.0688,7,Thanush S
70,1.14976,-0.29305,-2.40704,0.1156,0.1456,0.03,7,Thanush S
79,1.14976,-0.29305,-2.40704,0.1233,0.1187,-0.0046,7,Thanush S
77,0.01186,0.06695,-2.80514,0.1204,0.1918,0.0714,7,Thanush S
78,0.01186,0.06695,-2.80514,0.0929,0.1351,0.0422,7,Thanush S
71,0.01186,0.06695,-2.80514,0.1029,0.1358,0.0329,7,Thanush S
84,0.01186,0.06695,-2.80514,0.1175,0.1771,0.0596,7,Thanush S
80,0.01186,0.06695,-2.80514,0.1256,0.1577,0.0321,7,Thanush S
82,0.03076,0.13895,-2.35904,0.1204,0.1079,-0.0125,7,Thanush S
87,0.03076,0.13895,-2.35904,0.0847,0.1688,0.0841,7,Thanush S
76,0.03076,0.13895,-2.35904,0.0993,0.1393,0.04,7,Thanush S
86,0.03076,0.13895,-2.35904,0.0942,0.2453,0.1511,7,Thanush S
87,0.03076,0.13895,-2.35904,0.119,0.3,0.181,7,Thanush S
85,0.02881,0.0329,-1.25009,0.0961,0.1472,0.0511,7,Thanush S
88,0.02881,0.0329,-1.25009,0.1235,0.1411,0.0176,7,Thanush S
43,0.02881,0.0329,-1.25009,0.1024,0.1277,0.0253,7,Thanush S
64,0.02881,0.0329,-1.25009,0.1198,0.149,0.0292,7,Thanush S
35,0.02881,0.0329,-1.25009,0.0103,0.0765,0.0662,7,Thanush S
126,-0.0671,0.32099,-0.21412,0.1051,0.1322,0.0271,7,Thanush S
87,-0.0671,0.32099,-0.21412,0.0906,0.0886,-0.002,7,Thanush S
88,-0.0671,0.32099,-0.21412,0.099,0.1485,0.0495,7,Thanush S
86,-0.0671,0.32099,-0.21412,0.1048,0.1187,0.0139,7,Thanush S
89,-0.0671,0.32099,-0.21412,0.1135,0.1345,0.021,7,Thanush S
79,-0.41915,-0.33796,0.89498,0.1106,0.1195,0.0089,7,Thanush S
80,-0.41915,-0.33796,0.89498,0.1064,0.1277,0.0213,7,Thanush S
83,-0.41915,-0.33796,0.89498,0.1029,0.1393,0.0364,7,Thanush S
80,-0.41915,-0.33796,0.89498,0.1391,0.3573,0.2182,8,Thanush S
82,-0.41915,-0.33796,0.89498,0.1399,0.2728,0.1329,8,Thanush S
81,-0.24605,-0.60601,0.61898,0.1278,0.1913,0.0635,8,Thanush S
76,-0.24605,-0.60601,0.61898,0.1365,0.4312,0.2947,8,Thanush S
75,-0.24605,-0.60601,0.61898,0.1428,0.2256,0.0828,8,Thanush S
77,-0.24605,-0.60601,0.61898,0.1734,0.2166,0.0432,8,Thanush S
78,-0.24605,-0.60601,0.61898,0.1402,0.2109,0.0707,8,Thanush S
79,0.05485,-0.20596,-0.46312,0.1446,0.1736,0.029,8,Thanush S
72,0.05485,-0.20596,-0.46312,0.1615,0.2398,0.0783,8,Thanush S
74,0.05485,-0.20596,-0.46312,0.1682,0.1654,-0.0028,8,Thanush S
73,0.05485,-0.20596,-0.46312,0.1481,0.3963,0.2482,8,Thanush S
70,0.05485,-0.20596,-0.46312,0.1417,0.1957,0.054,8,Thanush S
71,0.07791,0.08213,-0.94822,0.133,0.1638,0.0308,8,Thanush S
65,0.07791,0.08213,-0.94822,0.1824,0.3375,0.1551,8,Thanush S
66,0.07791,0.08213,-0.94822,0.1402,0.2188,0.0786,8,Thanush S
99,0.07791,0.08213,-0.94822,0.1787,0.2491,0.0704,8,Thanush S
66,0.07791,0.08213,-0.94822,0.1676,0.2327,0.0651,8,Thanush S
68,0.31491,0.34523,-0.50527,0.175,0.2034,0.0284,8,Thanush S
69,0.31491,0.34523,-0.50527,0.1665,0.2393,0.0728,8,Thanush S
74,0.31491,0.34523,-0.50527,0.1504,0.1955,0.0451,8,Thanush S
74,0.31491,0.34523,-0.50527,0.1597,0.2005,0.0408,8,Thanush S
70,0.31491,0.34523,-0.50527,0.1433,0.1271,-0.0162,8,Thanush S
73,0.48996,0.17318,0.17273,0.1526,0.1546,0.002,8,Thanush S
71,0.48996,0.17318,0.17273,0.1679,0.2056,0.0377,8,Thanush S
66,0.48996,0.17318,0.17273,0.1636,0.3224,0.1588,8,Thanush S
99,0.48996,0.17318,0.17273,0.1307,0.1436,0.0129,8,Thanush S
65,0.48996,0.17318,0.17273,0.157,0.1865,0.0295,8,Thanush S
69,0.20691,-0.15982,0.13868,0.1283,0.1818,0.0535,8,Thanush S
69,0.20691,-0.15982,0.13868,0.1383,0.1469,0.0086,8,Thanush S
70,0.20691,-0.15982,0.13868,0.1454,0.1894,0.044,8,Thanush S
74,0.20691,-0.15982,0.13868,0.1705,0.2237,0.0532,8,Thanush S
71,0.20691,-0.15982,0.13868,0.1544,0.1876,0.0332,8,Thanush S
72,-0.30246,-0.02554,-0.1385,0.1648,0.1509,-0.0139,8,Thanush S
73,-0.30246,-0.02554,-0.1385,0.2093,0.1815,-0.0278,8,Thanush S
74,-0.30246,-0.02554,-0.1385,0.1755,0.1926,0.0171,8,Thanush S
75,-0.30246,-0.02554,-0.1385,0.1412,0.1498,0.0086,8,Thanush S
79,-0.30246,-0.02554,-0.1385,0.1483,0.1733,0.025,8,Thanush S
76,-0.30246,-0.02554,-0.1385,0.1531,0.1752,0.0221,8,Thanush S
77,-0.64957,-0.00559,-0.28655,0.1198,0.1519,0.0321,8,Thanush S
76,-0.64957,-0.00559,-0.28655,0.1362,0.1989,0.0627,8,Thanush S
78,-0.64957,-0.00559,-0.28655,0.1557,0.2169,0.0612,8,Thanush S
79,-0.64957,-0.00559,-0.28655,0.1528,0.1654,0.0126,8,Thanush S
84,-0.64957,-0.00559,-0.28655,0.1655,0.2483,0.0828,8,Thanush S
80,-0.64957,-0.00559,-0.28655,0.1536,0.2103,0.0567,8,Thanush S
83,-0.32152,0.01841,-0.24155,0.1552,0.2024,0.0472,8,Thanush S
76,-0.32152,0.01841,-0.24155,0.1502,0.2114,0.0612,8,Thanush S
81,-0.32152,0.01841,-0.24155,0.2072,0.2662,0.059,8,Thanush S
81,-0.32152,0.01841,-0.24155,0.1642,0.175,0.0108,8,Thanush S
82,-0.32152,0.01841,-0.24155,0.1623,0.2126,0.0503,8,Thanush S
75,-0.32152,0.01841,-0.24155,0.1792,0.1889,0.0097,8,Thanush S
84,0.33443,-0.30259,0.5134,0.1333,0.2636,0.1303,9,Thanush S
64,0.33443,-0.30259,0.5134,0.1307,0.385,0.2543,9,Thanush S
86,0.33443,-0.30259,0.5134,0.1143,0.2752,0.1609,9,Thanush S
64,0.33443,-0.30259,0.5134,0.1328,0.2296,0.0968,9,Thanush S
89,0.33443,-0.30259,0.5134,0.1217,0.1863,0.0646,9,Thanush S
88,0.33443,-0.30259,0.5134,0.132,0.1979,0.0659,9,Thanush S
85,0.60107,-0.2434,0.72325,0.1235,0.2285,0.105,9,Thanush S
87,0.60107,-0.2434,0.72325,0.119,0.3878,0.2688,9,Thanush S
43,0.60107,-0.2434,0.72325,0.0921,0.2741,0.182,9,Thanush S
35,0.60107,-0.2434,0.72325,0.1283,0.6059,0.4776,9,Thanush S
65,0.60107,-0.2434,0.72325,0.1336,0.3019,0.1683,9,Thanush S
66,0.60107,-0.2434,0.72325,0.1143,0.5562,0.4419,9,Thanush S
99,0.36707,-0.0274,-0.0137,0.1204,0.2393,0.1189,9,Thanush S
69,0.36707,-0.0274,-0.0137,0.1291,0.2008,0.0717,9,Thanush S
74,0.36707,-0.0274,-0.0137,0.118,0.8536,0.7356,9,Thanush S
65,0.36707,-0.0274,-0.0137,0.0998,0.2678,0.168,9,Thanush S
74,0.36707,-0.0274,-0.0137,0.1077,0.5327,0.425,9,Thanush S
71,0.36707,-0.0274,-0.0137,0.1415,0.2166,0.0751,9,Thanush S
72,0.03602,-0.33835,-0.64671,0.1106,0.4335,0.3229,9,Thanush S
77,0.03602,-0.33835,-0.64671,0.1317,0.21,0.0783,9,Thanush S
71,0.03602,-0.33835,-0.64671,0.1196,0.2027,0.0831,9,Thanush S
78,0.03602,-0.33835,-0.64671,0.1217,0.2135,0.0918,9,Thanush S
79,0.03602,-0.33835,-0.64671,0.1388,0.1857,0.0469,9,Thanush S
75,0.03602,-0.33835,-0.64671,0.1251,0.2071,0.082,9,Thanush S
79,-0.22693,-0.30535,-1.07466,0.1214,0.3762,0.2548,9,Thanush S
81,-0.22693,-0.30535,-1.07466,0.1636,0.2116,0.048,9,Thanush S
82,-0.22693,-0.30535,-1.07466,0.1227,0.2,0.0773,9,Thanush S
80,-0.22693,-0.30535,-1.07466,0.147,0.1599,0.0129,9,Thanush S
83,-0.22693,-0.30535,-1.07466,0.1375,0.1799,0.0424,9,Thanush S
84,-0.22693,-0.30535,-1.07466,0.1454,0.2936,0.1482,9,Thanush S
89,-0.12584,0.04196,-1.17323,0.1399,1.0091,0.8692,9,Thanush S
90,-0.12584,0.04196,-1.17323,0.1249,0.2064,0.0815,9,Thanush S
64,-0.12584,0.04196,-1.17323,0.1325,0.6821,0.5496,9,Thanush S
126,-0.12584,0.04196,-1.17323,0.1127,0.1828,0.0701,9,Thanush S
43,-0.12584,0.04196,-1.17323,0.1275,0.205,0.0775,9,Thanush S
35,-0.12584,0.04196,-1.17323,0.1502,0.1784,0.0282,9,Thanush S
86,-0.14489,-0.26404,-0.94133,0.1098,0.2683,0.1585,9,Thanush S
85,-0.14489,-0.26404,-0.94133,0.1407,0.1467,0.006,9,Thanush S
87,-0.14489,-0.26404,-0.94133,0.1201,0.1976,0.0775,9,Thanush S
88,-0.14489,-0.26404,-0.94133,0.1138,0.2428,0.129,9,Thanush S
89,-0.14489,-0.26404,-0.94133,0.1309,0.187,0.0561,9,Thanush S
80,-0.14489,-0.26404,-0.94133,0.1272,0.1459,0.0187,9,Thanush S
80,-0.26684,-0.40114,-0.62933,0.1272,0.1699,0.0427,9,Thanush S
71,-0.26684,-0.40114,-0.62933,0.1441,0.1651,0.021,9,Thanush S
84,-0.26684,-0.40114,-0.62933,0.1201,0.1253,0.0052,9,Thanush S
73,-0.26684,-0.40114,-0.62933,0.1251,0.1097,-0.0154,9,Thanush S
73,-0.26684,-0.40114,-0.62933,0.1922,0.1868,-0.0054,9,Thanush S
78,-0.26684,-0.40114,-0.62933,0.1423,0.1842,0.0419,9,Thanush S
80,2.54653,0.09301,0.31053,0.1154,0.2167,0.1013,9,Thanush S
72,0.87043,-0.41999,-1.69947,0.1051,0.213,0.1079,10,Thanush S
83,0.51343,-0.37199,-2.28837,0.1288,0.1712,0.0424,10,Thanush S
71,1.55743,-0.22604,-1.28247,0.1037,0.3008,0.1971,10,Thanush S
68,2.16643,-0.15104,-0.89937,0.1077,0.2193,0.1116,10,Thanush S
71,1.03048,-0.05099,-1.17747,0.113,0.2333,0.1203,10,Thanush S
83,0.34543,-0.23804,-1.45947,0.1235,0.2968,0.1733,10,Thanush S
66,-0.30557,-0.31199,-1.55847,0.1169,1.3518,1.2349,10,Thanush S
73,-0.23657,-0.32099,-1.31637,0.1167,0.4248,0.3081,10,Thanush S
73,0.47548,-0.23804,0.05853,0.1016,0.4762,0.3746,10,Thanush S
76,2.93579,-0.89409,0.59957,0.1254,0.3151,0.1897,10,Thanush S
68,2.93579,-0.89409,0.59957,0.1214,0.305,0.1836,10,Thanush S
68,2.62979,-1.06209,0.56852,0.1328,0.2821,0.1493,10,Thanush S
76,2.62979,-1.06209,0.56852,0.1309,0.4092,0.2783,10,Thanush S
68,1.66184,-0.96609,-0.15943,0.0905,0.2414,0.1509,10,Thanush S
68,1.66184,-0.96609,-0.15943,0.1043,0.4288,0.3245,10,Thanush S
83,1.95674,-0.26904,0.36452,0.108,0.1694,0.0614,10,Thanush S
71,1.95674,-0.26904,0.36452,0.1267,0.3127,0.186,10,Thanush S
89,2.12684,-0.28809,0.63557,0.1346,0.372,0.2374,10,Thanush S
76,2.12684,-0.28809,0.63557,0.1035,0.2285,0.125,10,Thanush S
74,-0.15316,-0.48699,-0.32953,0.0956,0.3565,0.2609,10,Thanush S
79,-0.15316,-0.48699,-0.32953,0.1278,0.251,0.1232,10,Thanush S
81,-0.44821,-0.42309,-0.28648,0.1069,0.3208,0.2139,10,Thanush S
64,-0.44821,-0.42309,-0.28648,0.1056,0.2145,0.1089,10,Thanush S
89,-0.05521,-0.70299,1.56047,0.1127,0.2026,0.0899,10,Thanush S
76,-0.05521,-0.70299,1.56047,0.1048,0.2533,0.1485,10,Thanush S
43,-1.64326,-1.62999,0.33347,0.1135,0.196,0.0825,10,Thanush S
90,-1.64326,-1.62999,0.33347,0.0905,0.2126,0.1221,10,Thanush S
77,-3.12316,-0.89004,-3.16753,0.1185,0.3572,0.2387,10,Thanush S
76,-3.12316,-0.89004,-3.16753,0.104,0.2332,0.1292,10,Thanush S
83,-1.78828,1.00894,-2.57748,0.1164,0.1929,0.0765,10,Thanush S
71,-1.78828,1.00894,-2.57748,0.1098,0.2459,0.1361,10,Thanush S
89,1.48877,0.73789,0.91452,0.1032,0.2976,0.1944,10,Thanush S
71,1.48877,0.73789,0.91452,0.0982,0.1797,0.0815,10,Thanush S
76,2.03177,-0.90206,2.02857,0.0927,0.2169,0.1242,10,Thanush S
68,2.03177,-0.90206,2.02857,0.0977,0.2589,0.1612,10,Thanush S
99,-1.59928,-1.31711,1.33857,0.1022,0.1977,0.0955,10,Thanush S
68,-1.59928,-1.31711,1.33857,0.1035,0.2011,0.0976,10,Thanush S
76,-3.47428,-1.01006,1.06857,0.1077,0.2968,0.1891,10,Thanush S
68,-3.47428,-1.01006,1.06857,0.1088,0.2496,0.1408,10,Thanush S
76,-1.22518,-1.62116,0.30162,0.1085,0.1802,0.0717,10,Thanush S
73,-1.22518,-1.62116,0.30162,0.109,0.2116,0.1026,10,Thanush S
71,0.10172,-0.66506,-1.23138,0.1101,0.1504,0.0403,10,Thanush S
78,0.10172,-0.66506,-1.23138,0.1146,0.1781,0.0635,10,Thanush S
70,-0.59518,-0.16511,-1.29048,0.1106,0.1282,0.0176,10,Thanush S
66,-0.59518,-0.16511,-1.29048,0.099,0.2026,0.1036,10,Thanush S
78,-1.15828,-0.59606,0.11457,0.1008,0.1527,0.0519,10,Thanush S
71,-1.15828,-0.59606,0.11457,0.1172,0.1786,0.0614,10,Thanush S
78,-0.29128,-0.91706,2.34957,0.1196,0.5138,0.3942,10,Thanush S
73,-0.29128,-0.91706,2.34957,0.1053,0.1522,0.0469,10,Thanush S
76,-0.03293,-1.91062,4.11664,0.089,0.1414,0.0524,10,Thanush S
72,-0.03293,-1.91062,4.11664,0.1209,0.1628,0.0419,11,Thanush S
76,-0.03293,-1.91062,4.11664,0.0953,0.1477,0.0524,11,Thanush S
68,-0.78203,-1.67062,3.54664,0.1027,0.1187,0.016,11,Thanush S
66,-0.78203,-1.67062,3.54664,0.132,0.2467,0.1147,11,Thanush S
83,-0.78203,-1.67062,3.54664,0.1198,0.2161,0.0963,11,Thanush S
73,-1.19603,-1.63462,1.89154,0.108,0.1428,0.0348,11,Thanush S
76,-1.19603,-1.63462,1.89154,0.1188,0.1902,0.0714,11,Thanush S
83,-1.19603,-1.63462,1.89154,0.1072,0.3219,0.2147,11,Thanush S
66,-1.64198,-1.12957,-0.22046,0.1217,0.1842,0.0625,11,Thanush S
83,-1.64198,-1.12957,-0.22046,0.1225,0.1734,0.0509,11,Thanush S
68,-1.64198,-1.12957,-0.22046,0.1029,0.1319,0.029,11,Thanush S
86,-1.42403,-0.30067,-2.08346,0.0702,0.1329,0.0627,11,Thanush S
78,-1.42403,-0.30067,-2.08346,0.0934,0.1538,0.0604,11,Thanush S
78,-1.42403,-0.30067,-2.08346,0.0953,0.1609,0.0656,11,Thanush S
99,-0.50903,0.55643,-1.80536,0.1061,0.1401,0.034,11,Thanush S
86,-0.50903,0.55643,-1.80536,0.0892,0.2739,0.1847,11,Thanush S
78,-0.50903,0.55643,-1.80536,0.1183,0.1628,0.0445,11,Thanush S
81,0.70507,0.24533,-0.85946,0.1301,0.3195,0.1894,11,Thanush S
78,0.70507,0.24533,-0.85946,0.1254,0.1459,0.0205,11,Thanush S
83,0.70507,0.24533,-0.85946,0.0462,0.5702,0.524,11,Thanush S
71,-0.10193,-0.52867,-1.10636,0.0853,0.1472,0.0619,11,Thanush S
78,-0.10193,-0.52867,-1.10636,0.0958,0.1662,0.0704,11,Thanush S
81,-0.10193,-0.52867,-1.10636,0.0784,0.1279,0.0495,11,Thanush S
68,-2.08493,-0.62167,-1.25546,0.1148,0.1704,0.0556,11,Thanush S
81,-2.08493,-0.62167,-1.25546,0.0776,0.1564,0.0788,11,Thanush S
78,-2.08493,-0.62167,-1.25546,0.0692,0.2304,0.1612,11,Thanush S
76,-1.85498,-0.21967,0.33259,0.1008,0.192,0.0912,11,Thanush S
83,-1.85498,-0.21967,0.33259,0.0845,0.1544,0.0699,11,Thanush S
73,-1.85498,-0.21967,0.33259,0.1161,0.1261,0.01,11,Thanush S
71,0.5339,-0.30153,1.36899,0.1425,0.4066,0.2641,11,Thanush S
71,0.5339,-0.30153,1.36899,0.1074,0.1733,0.0659,11,Thanush S
126,0.5339,-0.30153,1.36899,0.114,0.21,0.096,11,Thanush S
73,0.5339,-0.30153,1.36899,0.0993,0.1568,0.0575,11,Thanush S
86,1.46795,-0.32958,1.29699,0.1064,0.2573,0.1509,11,Thanush S
78,1.46795,-0.32958,1.29699,0.0847,0.3166,0.2319,11,Thanush S
71,1.46795,-0.32958,1.29699,0.1225,0.4053,0.2828,11,Thanush S
83,1.46795,-0.32958,1.29699,0.1219,0.1986,0.0767,11,Thanush S
71,0.0929,-0.64158,0.07794,0.1066,0.2023,0.0957,11,Thanush S
83,0.0929,-0.64158,0.07794,0.1043,0.1739,0.0696,11,Thanush S
77,0.0929,-0.64158,0.07794,0.1077,0.1586,0.0509,11,Thanush S
72,0.0929,-0.64158,0.07794,0.104,0.1338,0.0298,11,Thanush S
43,-0.3241,-1.01748,-0.50106,0.0956,0.1892,0.0936,11,Thanush S
71,-0.3241,-1.01748,-0.50106,0.0774,0.137,0.0596,11,Thanush S
88,-0.3241,-1.01748,-0.50106,0.137,0.1992,0.0622,11,Thanush S
68,-0.3241,-1.01748,-0.50106,0.0895,0.1377,0.0482,11,Thanush S
86,-0.1561,-0.46653,-0.73101,0.0821,0.1045,0.0224,11,Thanush S
84,-0.1561,-0.46653,-0.73101,0.0834,0.1213,0.0379,11,Thanush S
83,-0.1561,-0.46653,-0.73101,0.0689,0.1076,0.0387,11,Thanush S
71,-0.1561,-0.46653,-0.73101,0.0636,0.1514,0.0878,11,Thanush S
82,0.44285,-0.33948,-1.58406,0.0882,0.1591,0.0709,11,Thanush S
72,0.44285,-0.33948,-1.58406,0.1201,0.1559,0.0358,12,Thanush S
35,0.44285,-0.33948,-1.58406,0.0671,0.1248,0.0577,12,Thanush S
99,0.44285,-0.33948,-1.58406,0.0562,0.1021,0.0459,12,Thanush S
83,-0.60205,-0.30558,-2.21796,0.0927,0.142,0.0493,12,Thanush S
87,-0.60205,-0.30558,-2.21796,0.0911,0.1472,0.0561,12,Thanush S
78,-0.60205,-0.30558,-2.21796,0.1045,0.173,0.0685,12,Thanush S
76,-0.60205,-0.30558,-2.21796,0.0916,0.1224,0.0308,12,Thanush S
70,-1.66015,0.31647,0.16704,0.1006,0.1615,0.0609,12,Thanush S
88,-1.66015,0.31647,0.16704,0.0766,0.1388,0.0622,12,Thanush S
71,-1.66015,0.31647,0.16704,0.0839,0.1862,0.1023,12,Thanush S
35,-1.66015,0.31647,0.16704,0.0768,0.1572,0.0804,12,Thanush S
73,-0.6091,-0.99348,2.19999,0.1051,0.1644,0.0593,12,Thanush S
72,-0.6091,-0.99348,2.19999,0.1064,0.3137,0.2073,12,Thanush S
71,-0.6091,-0.99348,2.19999,0.1106,0.1921,0.0815,12,Thanush S
126,-0.6091,-0.99348,2.19999,0.1,0.1606,0.0606,12,Thanush S
72,0.33695,-0.76053,2.67894,0.0964,0.2605,0.1641,12,Thanush S
83,0.33695,-0.76053,2.67894,0.1212,0.1528,0.0316,12,Thanush S
75,0.33695,-0.76053,2.67894,0.1206,0.1588,0.0382,12,Thanush S
88,0.33695,-0.76053,2.67894,0.0808,0.1955,0.1147,12,Thanush S
89,-0.22589,0.06554,1.57057,0.1198,0.1767,0.0569,12,Thanush S
81,-0.22589,0.06554,1.57057,0.0905,0.1158,0.0253,12,Thanush S
83,-0.22589,0.06554,1.57057,0.1111,0.1285,0.0174,12,Thanush S
86,-0.22589,0.06554,1.57057,0.1172,0.1981,0.0809,12,Thanush S
77,-0.22589,0.06554,1.57057,0.1043,0.1599,0.0556,12,Thanush S
88,-0.22589,0.06554,1.57057,0.0863,0.1026,0.0163,12,Thanush S
71,-0.22589,0.06554,1.57057,0.0718,0.1045,0.0327,12,Thanush S
126,-1.80194,0.17564,0.39262,0.1204,0.1388,0.0184,12,Thanush S
71,-1.80194,0.17564,0.39262,0.1304,0.1757,0.0453,12,Thanush S
77,-1.80194,0.17564,0.39262,0.0895,0.1454,0.0559,12,Thanush S
76,-1.80194,0.17564,0.39262,0.114,0.1849,0.0709,12,Thanush S
83,-1.80194,0.17564,0.39262,0.1227,0.1717,0.049,12,Thanush S
86,-1.80194,0.17564,0.39262,0.1024,0.1514,0.049,12,Thanush S
35,-1.80194,0.17564,0.39262,0.0993,0.1657,0.0664,12,Thanush S
72,-2.47889,-0.61936,-0.11243,0.1219,0.2308,0.1089,12,Thanush S
71,-2.47889,-0.61936,-0.11243,0.0919,0.3338,0.2419,12,Thanush S
71,-2.47889,-0.61936,-0.11243,0.108,0.1438,0.0358,12,Thanush S
87,-2.47889,-0.61936,-0.11243,0.0993,0.2093,0.11,12,Thanush S
72,-2.47889,-0.61936,-0.11243,0.1048,0.1462,0.0414,12,Thanush S
86,-2.47889,-0.61936,-0.11243,0.0966,0.1546,0.058,12,Thanush S
78,-2.47889,-0.61936,-0.11243,0.1085,0.1834,0.0749,12,Thanush S
76,-1.62689,-0.74836,0.10957,0.0987,0.1591,0.0604,12,Thanush S
72,-1.62689,-0.74836,0.10957,0.1119,0.172,0.0601,12,Thanush S
87,-1.62689,-0.74836,0.10957,0.0913,0.1229,0.0316,12,Thanush S
76,-1.62689,-0.74836,0.10957,0.0834,0.1089,0.0255,12,Thanush S
88,-1.62689,-0.74836,0.10957,0.065,0.1483,0.0833,12,Thanush S
77,-1.62689,-0.74836,0.10957,0.0956,0.1388,0.0432,12,Thanush S
70,-0.74367,0.93237,-4.84064,0.081,0.2448,0.1638,1,Yakavi
70,-0.24843,0.2875,-2.97383,0.1106,0.1425,0.0319,1,Yakavi
73,-1.50111,-0.02721,-0.82548,0.1146,0.1816,0.067,1,Yakavi
73,-0.18597,0.30502,-2.91897,0.1241,0.2198,0.0957,1,Yakavi
66,-0.25291,0.21911,-2.58436,0.0842,0.1372,0.053,1,Yakavi
75,-0.11974,0.22859,-2.85484,0.1016,0.1509,0.0493,1,Yakavi
76,-2.33015,0.13609,0.58082,0.0903,0.1552,0.0649,1,Yakavi
77,-0.4733,0.1098,-2.7097,0.1019,0.1665,0.0646,1,Yakavi
99,-0.17561,0.22795,-2.98892,0.0715,0.2192,0.1477,1,Yakavi
89,-1.37845,-0.01359,-0.83883,0.1291,0.1697,0.0406,1,Yakavi
85,-1.10031,-0.03356,-0.699,0.1032,0.1541,0.0509,1,Yakavi
88,-0.79741,-0.00163,-0.54916,0.0961,0.2438,0.1477,1,Yakavi
87,-0.62041,-0.00591,-0.42968,0.1254,0.2705,0.1451,1,Yakavi
86,-0.44537,0.0361,-0.58549,0.1016,0.1783,0.0767,1,Yakavi
78,-0.36562,0.06409,-0.45821,0.1288,0.1989,0.0701,1,Yakavi
76,-0.29166,0.05338,-0.09307,0.1085,0.1979,0.0894,1,Yakavi
74,-0.2265,0.08034,-0.08326,0.1185,0.2118,0.0933,1,Yakavi
69,-0.16647,0.06441,-0.04984,0.1312,0.191,0.0598,1,Yakavi
65,-0.1311,0.03279,0.00209,0.1006,0.1158,0.0152,1,Yakavi
70,-0.052,0.06742,-0.02024,0.0916,0.1535,0.0619,1,Yakavi
76,-0.03348,0.08769,-0.00314,0.1222,0.1551,0.0329,1,Yakavi
86,-0.05047,0.08164,0.0141,0.1066,0.2031,0.0965,1,Yakavi
85,-0.07507,0.06826,-0.09675,0.0995,0.1609,0.0614,1,Yakavi
76,-0.07358,0.05894,-0.17228,0.1032,0.1733,0.0701,1,Yakavi
75,-0.03066,0.07376,-0.13965,0.1003,0.1915,0.0912,1,Yakavi
89,0.00197,0.07297,-0.12856,0.0895,0.2198,0.1303,1,Yakavi
84,-0.01615,0.11312,-0.12329,0.0903,0.1807,0.0904,1,Yakavi
74,-0.03993,0.12844,-0.15493,0.1188,0.1515,0.0327,1,Yakavi
88,-0.03301,0.04629,-0.09356,0.0966,0.1446,0.048,1,Yakavi
83,-0.049,0.05982,-0.11706,0.0932,0.1478,0.0546,1,Yakavi
82,-0.04084,0.09738,-0.1008,0.0859,0.5318,0.4459,1,Yakavi
87,-0.01303,0.1128,0.00257,0.1336,0.2663,0.1327,1,Yakavi
86,0.02938,0.09404,0.08153,0.1135,0.1266,0.0131,1,Yakavi
73,0.03927,0.09056,0.03525,0.1185,0.1472,0.0287,1,Yakavi
82,0.03458,0.10686,-0.07714,0.1117,0.157,0.0453,1,Yakavi
87,-0.03261,0.11356,-0.11488,0.1164,0.144,0.0276,1,Yakavi
89,-0.00569,0.09883,0.00277,0.1154,0.1475,0.0321,1,Yakavi
79,-0.03764,0.07738,0.12451,0.1135,0.1836,0.0701,1,Yakavi
81,-0.03169,0.08823,0.02609,0.065,0.1752,0.1102,1,Yakavi
80,-0.05916,0.08834,0.00451,0.1359,0.1686,0.0327,1,Yakavi
66,-0.01547,0.09893,0.02913,0.0982,0.1789,0.0807,1,Yakavi
69,-0.00426,0.12052,0.05796,0.1051,0.1834,0.0783,1,Yakavi
68,-0.00766,0.13122,0.00513,0.1299,0.1895,0.0596,1,Yakavi
79,0.02206,0.11403,0.00855,0.0855,0.1643,0.0788,1,Yakavi
83,0.02386,0.09857,-0.02007,0.1301,0.2021,0.072,1,Yakavi
76,-0.02774,0.0871,-0.05224,0.1124,0.2778,0.1654,1,Yakavi
89,-0.07713,0.06443,-0.0557,0.1014,0.1319,0.0305,1,Yakavi
81,-0.00674,0.06393,-0.0051,0.1219,0.1553,0.0334,1,Yakavi
64,0.02518,0.07473,0.00054,0.1064,0.1449,0.0385,1,Yakavi
85,-0.02805,0.12711,-0.01059,0.1056,0.1565,0.0509,1,Yakavi
90,-0.01538,0.13473,0.05564,0.1027,0.1678,0.0651,1,Yakavi
87,-0.01613,0.11862,0.00278,0.118,0.195,0.077,1,Yakavi
81,-0.03792,0.12324,-0.10031,0.0985,0.1512,0.0527,1,Yakavi
87,-0.03127,0.11229,-0.05059,0.1,0.1633,0.0633,1,Yakavi
65,-0.015,0.09592,0.02931,0.104,0.1686,0.0646,1,Yakavi
69,-0.02483,0.09471,-0.00655,0.0942,0.248,0.1538,1,Yakavi
66,-0.03216,0.10621,0.01938,0.0665,0.1522,0.0857,1,Yakavi
68,-0.00519,0.11404,0.07175,0.104,0.2142,0.1102,1,Yakavi
99,-0.01689,0.09689,0.03855,0.0934,0.2693,0.1759,1,Yakavi
70,0.00433,0.11334,-0.09245,0.1027,0.2169,0.1142,1,Yakavi
79,-0.00057,0.10265,-0.0741,0.1048,0.1636,0.0588,1,Yakavi
75,-0.02508,0.08978,-0.01763,0.1059,0.1755,0.0696,1,Yakavi
83,-0.03284,0.10203,0.02578,0.1088,0.1963,0.0875,1,Yakavi
81,0.03705,0.06111,-0.03449,0.0797,0.1717,0.092,1,Yakavi
89,-0.00733,0.06717,-0.1241,0.1151,0.1298,0.0147,1,Yakavi
81,-0.02012,0.07294,-0.10957,0.0628,0.2643,0.2015,1,Yakavi
88,-0.02973,0.10142,-0.03802,0.0781,0.1751,0.097,1,Yakavi
86,-0.01475,0.09595,0.07017,0.0898,0.1816,0.0918,1,Yakavi
66,0.01778,0.09222,0.01616,0.1357,0.3343,0.1986,1,Yakavi
71,-0.01166,0.10494,-0.01414,0.0966,0.1504,0.0538,1,Yakavi
65,-0.01306,0.10547,-0.03775,0.0942,0.1435,0.0493,1,Yakavi
80,-0.04598,0.11944,-0.01409,0.113,0.1443,0.0313,1,Yakavi
86,-0.03842,0.09065,0.02745,0.1219,0.1321,0.0102,1,Yakavi
82,0.00974,0.08889,-0.00442,0.1056,0.1425,0.0369,1,Yakavi
77,0.00325,0.11711,-0.06316,0.1077,0.1454,0.0377,1,Yakavi
72,-0.00049,0.11357,0.03032,0.1111,0.1353,0.0242,1,Yakavi
68,-0.01339,0.09521,0.05993,0.0863,0.1688,0.0825,1,Yakavi
74,-0.01421,0.09657,-0.05507,0.1344,0.171,0.0366,1,Yakavi
78,-0.0258,0.07537,-0.12089,0.0821,0.1295,0.0474,1,Yakavi
77,-0.02342,0.06762,-0.1202,0.113,0.1457,0.0327,1,Yakavi
76,0.00951,0.10166,-0.19033,0.0876,0.1453,0.0577,1,Yakavi
81,-0.01997,0.08673,-0.30672,0.0721,0.1726,0.1005,1,Yakavi
82,-0.02716,0.20555,-0.61653,0.0913,0.163,0.0717,1,Yakavi
84,0.0823,0.29926,-0.76801,0.0821,0.1741,0.092,1,Yakavi
88,-0.03926,0.17957,-0.02215,0.0858,0.1282,0.0424,1,Yakavi
87,-0.16505,0.0449,0.72381,0.0787,0.2124,0.1337,1,Yakavi
86,-0.08287,0.03656,0.72428,0.0945,0.1673,0.0728,1,Yakavi
80,0.06373,0.10022,0.53764,0.1059,0.1425,0.0366,1,Yakavi
83,-0.03226,0.11323,0.6931,0.1019,0.1383,0.0364,1,Yakavi
76,0.02186,0.06149,0.75658,0.133,0.2823,0.1493,1,Yakavi
79,-0.03215,0.01451,1.10832,0.099,0.1401,0.0411,1,Yakavi
74,-0.04739,0.08179,1.1585,0.1109,0.1623,0.0514,1,Yakavi
70,0.0293,0.15331,0.56075,0.1095,0.1472,0.0377,1,Yakavi
69,0.02621,0.26665,0.17161,0.1365,0.1378,0.0013,1,Yakavi
78,-3e-05,0.2429,0.18067,0.1378,0.276,0.1382,1,Yakavi
65,0.01975,0.166,0.23616,0.1386,0.2277,0.0891,1,Yakavi
83,-0.04913,0.11658,0.28529,0.1069,0.1179,0.011,1,Yakavi
71,-0.01513,0.0783,0.37116,0.0966,0.134,0.0374,1,Yakavi
84,0.03102,0.06826,0.32514,0.0995,0.12,0.0205,2,Yakavi
81,0.02179,0.04809,0.29268,0.0982,0.1208,0.0226,2,Yakavi
79,-0.04289,0.10839,0.01221,0.1011,0.1177,0.0166,2,Yakavi
86,-0.08217,0.16346,-0.13414,0.0969,0.1446,0.0477,2,Yakavi
74,-0.03325,0.122,-0.07192,0.0729,0.2393,0.1664,2,Yakavi
73,-0.0367,0.11324,-0.19865,0.0721,0.9983,0.9262,2,Yakavi
71,-0.02326,0.07455,-0.08167,0.0631,1.2671,1.204,2,Yakavi
83,-0.0064,-0.0576,0.21516,0.104,0.6528,0.5488,2,Yakavi
84,-0.05274,-0.02826,-0.03524,0.0837,0.6212,0.5375,2,Yakavi
70,0.0328,0.06656,-0.54864,0.095,0.4794,0.3844,2,Yakavi
84,0.11904,0.06355,-0.69773,0.0961,0.461,0.3649,2,Yakavi
74,0.10952,0.08373,-0.65189,0.0876,0.4475,0.3599,2,Yakavi
75,0.04444,0.08635,-0.61297,0.0584,0.4626,0.4042,2,Yakavi
73,0.0214,0.08444,-0.28626,0.0774,0.2441,0.1667,2,Yakavi
70,0.02407,0.09859,-0.0713,0.0647,0.2575,0.1928,2,Yakavi
88,0.02924,0.04904,0.1081,0.094,0.3116,0.2176,2,Yakavi
89,0.00078,0.01723,0.05785,0.0731,0.224,0.1509,2,Yakavi
89,-0.02396,0.0488,-0.09842,0.065,0.4101,0.3451,2,Yakavi
70,-0.04443,0.09594,-0.12539,0.0684,0.5056,0.4372,2,Yakavi
84,0.00367,0.13654,-0.05402,0.1045,0.4533,0.3488,2,Yakavi
80,0.00914,0.14544,0.00928,0.076,0.5174,0.4414,2,Yakavi
79,0.04613,0.1521,0.02658,0.1188,0.3871,0.2683,2,Yakavi
78,0.0438,0.14232,0.09531,0.081,0.3546,0.2736,2,Yakavi
70,-0.02126,0.07542,-0.06393,0.0866,0.3647,0.2781,2,Yakavi
88,-0.03055,0.16244,-0.43176,0.0818,0.3512,0.2694,2,Yakavi
70,0.05299,0.18907,-0.99043,0.0766,0.2095,0.1329,2,Yakavi
89,-0.0144,-0.03251,0.37349,0.0655,0.2895,0.224,2,Yakavi
81,-0.12076,-0.13393,0.79236,0.0655,0.7713,0.7058,2,Yakavi
84,-0.12058,-0.09901,0.55582,0.0826,0.2295,0.1469,2,Yakavi
88,-0.02096,0.00677,0.35505,0.0863,0.2409,0.1546,2,Yakavi
66,0.13032,0.11496,-0.19824,0.1095,0.4084,0.2989,2,Yakavi
78,0.13032,0.11496,-0.19824,0.0898,0.2306,0.1408,2,Yakavi
76,0.18072,0.22431,0.33818,0.0934,0.2232,0.1298,2,Yakavi
79,0.18072,0.22431,0.33818,0.119,0.2854,0.1664,2,Yakavi
76,-0.12177,0.19785,0.39908,0.0934,0.4282,0.3348,2,Yakavi
79,-0.12177,0.19785,0.39908,0.0916,0.2229,0.1313,2,Yakavi
84,-0.08299,0.13089,-0.029,0.0797,0.2158,0.1361,2,Yakavi
89,-0.08299,0.13089,-0.029,0.095,0.2213,0.1263,2,Yakavi
75,-0.06485,0.065,0.11569,0.075,0.2248,0.1498,2,Yakavi
89,-0.06485,0.065,0.11569,0.0924,0.2135,0.1211,2,Yakavi
81,-0.18296,0.13571,-0.45937,0.1066,0.2472,0.1406,2,Yakavi
88,-0.18296,0.13571,-0.45937,0.0671,0.2306,0.1635,2,Yakavi
83,-0.3556,0.13862,-0.32463,0.0871,0.2039,0.1168,2,Yakavi
86,-0.3556,0.13862,-0.32463,0.0657,0.254,0.1883,2,Yakavi
76,-0.20602,0.22658,-0.0333,0.0879,0.662,0.5741,2,Yakavi
73,-0.20602,0.22658,-0.0333,0.0966,0.2221,0.1255,2,Yakavi
68,-0.02718,0.30594,0.48668,0.1003,0.2554,0.1551,2,Yakavi
76,-0.02718,0.30594,0.48668,0.0742,0.2253,0.1511,2,Yakavi
69,0.38959,0.19414,1.28182,0.0845,0.2338,0.1493,2,Yakavi
66,0.38959,0.19414,1.28182,0.0631,0.3945,0.3314,2,Yakavi
74,0.53785,0.15443,0.93528,0.0758,0.3697,0.2939,2,Yakavi
79,0.53785,0.15443,0.93528,0.0763,0.2654,0.1891,2,Yakavi
65,0.53785,0.15443,0.93528,0.0713,0.1945,0.1232,2,Yakavi
84,0.36303,0.09191,0.12997,0.0826,0.295,0.2124,2,Yakavi
89,0.36303,0.09191,0.12997,0.1022,0.3085,0.2063,2,Yakavi
70,0.36303,0.09191,0.12997,0.0982,0.2583,0.1601,2,Yakavi
88,-0.03094,0.09782,-0.33312,0.0903,0.2963,0.206,2,Yakavi
80,-0.03094,0.09782,-0.33312,0.0898,0.2489,0.1591,2,Yakavi
83,-0.03094,0.09782,-0.33312,0.0647,0.305,0.2403,2,Yakavi
81,-0.47069,0.20962,-0.16566,0.075,0.2834,0.2084,2,Yakavi
73,-0.47069,0.20962,-0.16566,0.0797,0.2427,0.163,2,Yakavi
74,-0.47069,0.20962,-0.16566,0.1011,0.2546,0.1535,2,Yakavi
81,-0.32326,0.23688,-0.08202,0.099,0.2351,0.1361,2,Yakavi
79,-0.32326,0.23688,-0.08202,0.0789,0.3124,0.2335,2,Yakavi
76,-0.32326,0.23688,-0.08202,0.0964,0.2913,0.1949,2,Yakavi
84,-0.14792,0.1303,-0.49073,0.1146,0.2578,0.1432,2,Yakavi
70,-0.14792,0.1303,-0.49073,0.0919,0.2581,0.1662,2,Yakavi
83,-0.14792,0.1303,-0.49073,0.0839,0.1955,0.1116,2,Yakavi
88,-0.22577,0.02668,-0.41206,0.1003,0.248,0.1477,2,Yakavi
81,-0.22577,0.02668,-0.41206,0.0747,0.2116,0.1369,2,Yakavi
83,-0.22577,0.02668,-0.41206,0.0834,0.2242,0.1408,2,Yakavi
80,-0.19084,0.00219,-0.39029,0.0874,0.5581,0.4707,2,Yakavi
73,-0.19084,0.00219,-0.39029,0.0803,0.2766,0.1963,2,Yakavi
70,-0.19084,0.00219,-0.39029,0.0847,0.2459,0.1612,2,Yakavi
69,-0.0168,0.04123,0.20557,0.076,0.286,0.21,2,Yakavi
79,-0.0168,0.04123,0.20557,0.1154,0.2309,0.1155,2,Yakavi
65,-0.0168,0.04123,0.20557,0.1412,0.5903,0.4491,2,Yakavi
84,0.21035,0.17424,0.94503,0.0921,0.23,0.1379,2,Yakavi
65,0.21035,0.17424,0.94503,0.0871,0.2361,0.149,2,Yakavi
89,0.21035,0.17424,0.94503,0.0977,0.2359,0.1382,2,Yakavi
88,0.49679,0.16086,0.85062,0.0684,0.242,0.1736,2,Yakavi
81,0.49679,0.16086,0.85062,0.0839,0.287,0.2031,2,Yakavi
88,0.49679,0.16086,0.85062,0.0731,0.1939,0.1208,2,Yakavi
86,0.49679,0.16086,0.85062,0.0768,0.2153,0.1385,2,Yakavi
83,0.32661,0.13661,0.0269,0.0948,0.2581,0.1633,2,Yakavi
78,0.32661,0.13661,0.0269,0.08,0.1947,0.1147,2,Yakavi
81,0.32661,0.13661,0.0269,0.0787,0.313,0.2343,2,Yakavi
73,0.32661,0.13661,0.0269,0.0871,0.2667,0.1796,2,Yakavi
76,-0.25017,0.23573,-0.4726,0.0847,0.4686,0.3839,2,Yakavi
73,-0.25017,0.23573,-0.4726,0.0842,0.2897,0.2055,2,Yakavi
71,-0.25017,0.23573,-0.4726,0.0916,0.2744,0.1828,2,Yakavi
74,-0.25017,0.23573,-0.4726,0.0879,0.2979,0.21,2,Yakavi
66,-0.55483,0.16895,-0.12213,0.0771,0.3211,0.244,2,Yakavi
74,-0.55483,0.16895,-0.12213,0.0705,0.2343,0.1638,2,Yakavi
79,-0.55483,0.16895,-0.12213,0.0797,0.2176,0.1379,2,Yakavi
66,-0.55483,0.16895,-0.12213,0.0795,0.85,0.7705,2,Yakavi
84,-0.261,0.0607,0.13048,0.0913,0.2203,0.129,2,Yakavi
84,-0.261,0.0607,0.13048,0.0977,0.2969,0.1992,2,Yakavi
65,-0.261,0.0607,0.13048,0.0774,0.2164,0.139,2,Yakavi
88,-0.261,0.0607,0.13048,0.1259,0.3902,0.2643,2,Yakavi
70,-0.04886,0.03643,-0.00087,0.0958,0.2235,0.1277,3,Yakavi
88,-0.04886,0.03643,-0.00087,0.1045,0.2583,0.1538,3,Yakavi
83,-0.04886,0.03643,-0.00087,0.0752,0.2182,0.143,3,Yakavi
86,-0.04886,0.03643,-0.00087,0.0861,0.2415,0.1554,3,Yakavi
78,-0.14943,0.03999,-0.10271,0.0929,0.2757,0.1828,3,Yakavi
86,-0.14943,0.03999,-0.10271,0.0858,0.6547,0.5689,3,Yakavi
73,-0.14943,0.03999,-0.10271,0.0668,0.3591,0.2923,3,Yakavi
68,-0.14943,0.03999,-0.10271,0.0626,0.3378,0.2752,3,Yakavi
76,-0.16686,0.02949,-0.00349,0.0613,0.2789,0.2176,3,Yakavi
74,-0.16686,0.02949,-0.00349,0.0597,0.3386,0.2789,3,Yakavi
66,-0.16686,0.02949,-0.00349,0.1045,0.2535,0.149,3,Yakavi
79,-0.16686,0.02949,-0.00349,0.0555,0.3972,0.3417,3,Yakavi
66,-0.11378,0.07357,0.05364,0.0684,0.4262,0.3578,3,Yakavi
84,-0.11378,0.07357,0.05364,0.0795,0.3423,0.2628,3,Yakavi
66,-0.11378,0.07357,0.05364,0.0573,0.3161,0.2588,3,Yakavi
84,-0.11378,0.07357,0.05364,0.0779,0.2887,0.2108,3,Yakavi
88,-0.04606,0.11786,0.05648,0.1101,0.3478,0.2377,3,Yakavi
76,-0.04606,0.11786,0.05648,0.0671,0.2483,0.1812,3,Yakavi
88,-0.04606,0.11786,0.05648,0.0663,0.5106,0.4443,3,Yakavi
86,-0.04606,0.11786,0.05648,0.0689,0.3409,0.272,3,Yakavi
83,-0.00908,0.12175,-0.04544,0.0821,0.2599,0.1778,3,Yakavi
81,-0.00908,0.12175,-0.04544,0.07,0.2723,0.2023,3,Yakavi
73,-0.00908,0.12175,-0.04544,0.0821,0.3034,0.2213,3,Yakavi
81,-0.00908,0.12175,-0.04544,0.0829,0.2525,0.1696,3,Yakavi
68,-0.00091,0.09837,-0.05137,0.0647,0.2536,0.1889,3,Yakavi
81,-0.00091,0.09837,-0.05137,0.0818,0.2422,0.1604,3,Yakavi
71,-0.00091,0.09837,-0.05137,0.0715,0.239,0.1675,3,Yakavi
69,-0.00091,0.09837,-0.05137,0.0924,0.2383,0.1459,3,Yakavi
66,-0.05623,0.04518,0.0284,0.0808,0.2019,0.1211,3,Yakavi
79,-0.05623,0.04518,0.0284,0.0816,0.2269,0.1453,3,Yakavi
84,-0.05623,0.04518,0.0284,0.0969,0.1995,0.1026,3,Yakavi
66,-0.05623,0.04518,0.0284,0.0869,0.2159,0.129,3,Yakavi
84,-0.09944,0.04849,0.00085,0.0779,0.2005,0.1226,3,Yakavi
88,-0.09944,0.04849,0.00085,0.1074,0.2269,0.1195,3,Yakavi
86,-0.09944,0.04849,0.00085,0.0681,0.2158,0.1477,3,Yakavi
73,-0.09944,0.04849,0.00085,0.0824,0.3491,0.2667,3,Yakavi
82,-0.12242,0.05265,-0.00014,0.0639,0.2636,0.1997,3,Yakavi
73,-0.12242,0.05265,-0.00014,0.0705,0.2021,0.1316,3,Yakavi
68,-0.12242,0.05265,-0.00014,0.0702,0.2116,0.1414,3,Yakavi
71,-0.12242,0.05265,-0.00014,0.0742,0.2992,0.225,3,Yakavi
72,-0.06615,0.08232,-0.01263,0.0673,0.2884,0.2211,3,Yakavi
72,-0.06615,0.08232,-0.01263,0.0781,0.2651,0.187,3,Yakavi
77,-0.06615,0.08232,-0.01263,0.0644,0.7201,0.6557,3,Yakavi
82,-0.06615,0.08232,-0.01263,0.0876,0.1999,0.1123,3,Yakavi
82,-0.03499,0.12712,-0.07881,0.0837,0.2288,0.1451,3,Yakavi
83,-0.03499,0.12712,-0.07881,0.07,0.2539,0.1839,3,Yakavi
83,-0.03499,0.12712,-0.07881,0.0713,0.2261,0.1548,3,Yakavi
83,-0.03499,0.12712,-0.07881,0.071,0.195,0.124,3,Yakavi
81,0.01142,0.13493,0.04954,0.0692,0.2261,0.1569,3,Yakavi
83,0.01142,0.13493,0.04954,0.0774,0.2441,0.1667,3,Yakavi
81,0.01142,0.13493,0.04954,0.0673,0.2596,0.1923,3,Yakavi
83,0.01142,0.13493,0.04954,0.0834,0.2198,0.1364,3,Yakavi
80,0.05692,0.11394,0.03006,0.0789,0.2092,0.1303,3,Yakavi
83,0.05692,0.11394,0.03006,0.094,0.1953,0.1013,3,Yakavi
70,0.05692,0.11394,0.03006,0.0655,0.2575,0.192,3,Yakavi
78,0.05692,0.11394,0.03006,0.0415,0.3275,0.286,3,Yakavi
70,0.01549,0.11239,-0.04973,0.0671,0.3621,0.295,3,Yakavi
73,0.01549,0.11239,-0.04973,0.0594,0.3433,0.2839,3,Yakavi
73,0.01549,0.11239,-0.04973,0.0715,0.4277,0.3562,3,Yakavi
70,0.01549,0.11239,-0.04973,0.085,0.315,0.23,3,Yakavi
78,-0.07982,0.1127,-0.01627,0.0626,0.2436,0.181,3,Yakavi
71,-0.07982,0.1127,-0.01627,0.0549,0.4992,0.4443,3,Yakavi
83,-0.07982,0.1127,-0.01627,0.0533,0.6306,0.5773,3,Yakavi
83,-0.07982,0.1127,-0.01627,0.066,0.2646,0.1986,3,Yakavi
76,-0.06445,0.08371,0.01981,0.0966,0.4752,0.3786,3,Yakavi
88,-0.06445,0.08371,0.01981,0.0755,0.3066,0.2311,3,Yakavi
86,-0.06445,0.08371,0.01981,0.076,0.3546,0.2786,3,Yakavi
88,-0.06445,0.08371,0.01981,0.0697,0.4528,0.3831,3,Yakavi
83,-0.06251,0.08042,0.04815,0.1338,0.2868,0.153,3,Yakavi
86,-0.06251,0.08042,0.04815,0.09,0.2686,0.1786,3,Yakavi
80,-0.06251,0.08042,0.04815,0.0708,0.2797,0.2089,3,Yakavi
84,-0.06251,0.08042,0.04815,0.075,0.2454,0.1704,3,Yakavi
83,-0.0306,0.11805,0.02935,0.0723,0.305,0.2327,3,Yakavi
75,-0.0306,0.11805,0.02935,0.0737,0.2465,0.1728,3,Yakavi
84,-0.0306,0.11805,0.02935,0.0784,0.258,0.1796,3,Yakavi
70,-0.0306,0.11805,0.02935,0.0729,0.3167,0.2438,3,Yakavi
78,0.03659,0.10002,0.01797,0.0734,0.2269,0.1535,3,Yakavi
78,0.03659,0.10002,0.01797,0.0874,0.2491,0.1617,3,Yakavi
71,0.03659,0.10002,0.01797,0.0705,0.2074,0.1369,3,Yakavi
78,0.03659,0.10002,0.01797,0.0742,0.2061,0.1319,3,Yakavi
71,0.01082,0.12979,-0.11131,0.07,0.2874,0.2174,3,Yakavi
78,0.01082,0.12979,-0.11131,0.0787,0.2863,0.2076,3,Yakavi
76,0.01082,0.12979,-0.11131,0.0718,0.2517,0.1799,3,Yakavi
83,0.01082,0.12979,-0.11131,0.0697,0.3042,0.2345,3,Yakavi
81,0.00379,0.12878,-0.02971,0.0642,0.238,0.1738,3,Yakavi
83,0.00379,0.12878,-0.02971,0.0816,0.2496,0.168,3,Yakavi
81,0.00379,0.12878,-0.02971,0.0668,0.3106,0.2438,3,Yakavi
83,0.00379,0.12878,-0.02971,0.0818,0.2522,0.1704,3,Yakavi
81,-0.021,0.11071,0.04235,0.0842,0.3066,0.2224,3,Yakavi
88,-0.021,0.11071,0.04235,0.0737,0.2264,0.1527,3,Yakavi
88,-0.021,0.11071,0.04235,0.0824,0.2301,0.1477,3,Yakavi
81,-0.021,0.11071,0.04235,0.075,0.2124,0.1374,3,Yakavi
88,-0.06058,0.10719,0.05561,0.081,0.2005,0.1195,3,Yakavi
88,-0.06058,0.10719,0.05561,0.0755,0.3158,0.2403,3,Yakavi
81,-0.06058,0.10719,0.05561,0.0866,0.2396,0.153,3,Yakavi
88,-0.06058,0.10719,0.05561,0.0708,0.2003,0.1295,3,Yakavi
81,-0.05886,0.08844,0.10077,0.0874,0.2248,0.1374,3,Yakavi
83,-0.05886,0.08844,0.10077,0.075,0.2488,0.1738,3,Yakavi
84,-0.05886,0.08844,0.10077,0.0842,0.2245,0.1403,3,Yakavi
80,-0.05886,0.08844,0.10077,0.0855,0.1971,0.1116,3,Yakavi
84,0.00305,0.14109,-0.02659,0.0858,0.2554,0.1696,4,Yakavi
80,0.00305,0.14109,-0.02659,0.0929,0.2184,0.1255,4,Yakavi
74,0.00305,0.14109,-0.02659,0.0723,0.2256,0.1533,4,Yakavi
70,0.00305,0.14109,-0.02659,0.0789,0.1989,0.12,4,Yakavi
70,0.00874,0.13874,-0.00559,0.0684,0.2565,0.1881,4,Yakavi
74,0.00874,0.13874,-0.00559,0.0665,0.2245,0.158,4,Yakavi
69,0.00874,0.13874,-0.00559,0.0639,0.4019,0.338,4,Yakavi
65,0.00874,0.13874,-0.00559,0.0591,0.3031,0.244,4,Yakavi
73,0.03471,0.14847,0.01244,0.0792,0.2256,0.1464,4,Yakavi
66,0.03471,0.14847,0.01244,0.0515,0.2694,0.2179,4,Yakavi
78,0.03471,0.14847,0.01244,0.0536,0.2443,0.1907,4,Yakavi
71,0.03471,0.14847,0.01244,0.0578,0.3153,0.2575,4,Yakavi
78,0.00058,0.163,-0.04615,0.057,0.2208,0.1638,4,Yakavi
76,0.00058,0.163,-0.04615,0.0594,0.2237,0.1643,4,Yakavi
78,0.00058,0.163,-0.04615,0.0737,0.2813,0.2076,4,Yakavi
76,0.00058,0.163,-0.04615,0.0776,0.2425,0.1649,4,Yakavi
83,-0.03478,0.08947,-0.11771,0.0729,0.2971,0.2242,4,Yakavi
83,-0.03478,0.08947,-0.11771,0.0813,0.2863,0.205,4,Yakavi
81,-0.03478,0.08947,-0.11771,0.0718,0.2485,0.1767,4,Yakavi
83,-0.03478,0.08947,-0.11771,0.0787,0.7969,0.7182,4,Yakavi
81,-0.01994,0.05987,-0.17219,0.081,0.3079,0.2269,4,Yakavi
83,-0.01994,0.05987,-0.17219,0.0876,0.7277,0.6401,4,Yakavi
88,-0.01994,0.05987,-0.17219,0.0792,0.334,0.2548,4,Yakavi
86,-0.01994,0.05987,-0.17219,0.0795,0.2605,0.181,4,Yakavi
84,-0.06197,0.04227,-0.12076,0.0895,0.28,0.1905,4,Yakavi
81,-0.06197,0.04227,-0.12076,0.0964,0.7658,0.6694,4,Yakavi
84,-0.06197,0.04227,-0.12076,0.0816,0.262,0.1804,4,Yakavi
81,-0.06197,0.04227,-0.12076,0.0771,0.2876,0.2105,4,Yakavi
79,-0.08219,0.03327,-0.03107,0.0742,0.2586,0.1844,4,Yakavi
70,-0.08219,0.03327,-0.03107,0.0795,0.2475,0.168,4,Yakavi
74,-0.08219,0.03327,-0.03107,0.0718,0.2675,0.1957,4,Yakavi
70,-0.08219,0.03327,-0.03107,0.1135,0.2013,0.0878,4,Yakavi
69,-0.01337,0.11057,0.04279,0.0832,0.1966,0.1134,4,Yakavi
68,-0.01337,0.11057,0.04279,0.0876,0.1741,0.0865,4,Yakavi
68,-0.01337,0.11057,0.04279,0.0834,0.3187,0.2353,4,Yakavi
65,-0.01337,0.11057,0.04279,0.0721,0.3058,0.2337,4,Yakavi
72,0.02773,0.16948,0.07576,0.0998,0.3304,0.2306,4,Yakavi
82,0.02773,0.16948,0.07576,0.0803,0.2109,0.1306,4,Yakavi
70,0.02773,0.16948,0.07576,0.0768,0.4187,0.3419,4,Yakavi
84,0.02773,0.16948,0.07576,0.076,0.5105,0.4345,4,Yakavi
85,0.00629,0.17561,0.07169,0.0739,0.277,0.2031,4,Yakavi
84,0.00629,0.17561,0.07169,0.0948,0.2784,0.1836,4,Yakavi
85,0.00629,0.17561,0.07169,0.0747,0.3032,0.2285,4,Yakavi
89,0.00629,0.17561,0.07169,0.0853,0.8091,0.7238,4,Yakavi
88,0.01238,0.11838,0.02244,0.075,0.323,0.248,4,Yakavi
86,0.01238,0.11838,0.02244,0.071,0.3976,0.3266,4,Yakavi
86,0.01238,0.11838,0.02244,0.0763,0.2485,0.1722,4,Yakavi
73,0.01238,0.11838,0.02244,0.0768,0.2712,0.1944,4,Yakavi
87,-0.01596,0.09633,-0.0874,0.0847,0.2535,0.1688,4,Yakavi
68,-0.01596,0.09633,-0.0874,0.0565,0.3158,0.2593,4,Yakavi
66,-0.01596,0.09633,-0.0874,0.089,0.2259,0.1369,4,Yakavi
73,-0.01596,0.09633,-0.0874,0.1077,0.5897,0.482,4,Yakavi
65,-0.02705,0.09046,-0.11957,0.0784,0.4079,0.3295,4,Yakavi
79,-0.02705,0.09046,-0.11957,0.1175,0.5001,0.3826,4,Yakavi
75,-0.02705,0.09046,-0.11957,0.0911,0.2119,0.1208,4,Yakavi
89,-0.02705,0.09046,-0.11957,0.0808,0.2647,0.1839,4,Yakavi
80,0.00912,0.07942,-0.04961,0.0971,0.2517,0.1546,4,Yakavi
89,0.00912,0.07942,-0.04961,0.0562,0.1857,0.1295,4,Yakavi
86,0.00912,0.07942,-0.04961,0.0974,0.2596,0.1622,4,Yakavi
88,0.00912,0.07942,-0.04961,0.0676,0.2383,0.1707,4,Yakavi
86,0.02751,0.07852,-0.00712,0.0752,0.2546,0.1794,4,Yakavi
88,0.02751,0.07852,-0.00712,0.0818,0.2351,0.1533,4,Yakavi
76,0.02751,0.07852,-0.00712,0.0739,0.2691,0.1952,4,Yakavi
83,0.02751,0.07852,-0.00712,0.0744,0.2224,0.148,4,Yakavi
73,-0.02244,0.05466,-0.04858,0.0837,0.2718,0.1881,4,Yakavi
71,-0.02244,0.05466,-0.04858,0.0681,0.2652,0.1971,4,Yakavi
74,-0.02244,0.05466,-0.04858,0.0723,0.2403,0.168,4,Yakavi
70,-0.02244,0.05466,-0.04858,0.0755,0.2551,0.1796,4,Yakavi
79,-0.03005,0.04714,-0.09194,0.1051,0.2708,0.1657,4,Yakavi
76,-0.03005,0.04714,-0.09194,0.0821,0.2549,0.1728,4,Yakavi
84,-0.03005,0.04714,-0.09194,0.1198,0.2699,0.1501,4,Yakavi
88,-0.03005,0.04714,-0.09194,0.0903,0.2301,0.1398,4,Yakavi
76,-0.03748,0.06464,-0.06428,0.0905,0.2129,0.1224,4,Yakavi
88,-0.03748,0.06464,-0.06428,0.0771,0.2319,0.1548,4,Yakavi
76,-0.03748,0.06464,-0.06428,0.0747,0.2148,0.1401,4,Yakavi
83,-0.03748,0.06464,-0.06428,0.0845,0.2016,0.1171,4,Yakavi
76,-0.02305,0.10736,-0.05621,0.0797,0.2256,0.1459,4,Yakavi
78,-0.02305,0.10736,-0.05621,0.0863,0.2865,0.2002,4,Yakavi
79,-0.02305,0.10736,-0.05621,0.094,0.2203,0.1263,4,Yakavi
76,-0.02305,0.10736,-0.05621,0.0834,0.8663,0.7829,4,Yakavi
79,-0.00049,0.12147,-0.0509,0.0781,0.2577,0.1796,4,Yakavi
84,-0.00049,0.12147,-0.0509,0.094,0.3583,0.2643,4,Yakavi
76,-0.00049,0.12147,-0.0509,0.0882,0.2586,0.1704,4,Yakavi
89,-0.00049,0.12147,-0.0509,0.0879,0.2562,0.1683,4,Yakavi
71,0.00817,0.10466,0.00565,0.08,0.2509,0.1709,4,Yakavi
88,0.00817,0.10466,0.00565,0.0734,0.334,0.2606,4,Yakavi
76,0.00817,0.10466,0.00565,0.0919,0.1707,0.0788,4,Yakavi
88,0.00817,0.10466,0.00565,0.0726,0.2227,0.1501,4,Yakavi
78,-0.02727,0.11121,0.0916,0.0834,0.2311,0.1477,4,Yakavi
81,-0.02727,0.11121,0.0916,0.0847,0.211,0.1263,4,Yakavi
78,-0.02727,0.11121,0.0916,0.0863,0.2161,0.1298,4,Yakavi
76,-0.02727,0.11121,0.0916,0.085,0.2047,0.1197,4,Yakavi
79,-0.01196,0.07975,0.04318,0.0805,0.1778,0.0973,4,Yakavi
84,-0.01196,0.07975,0.04318,0.0789,0.1722,0.0933,4,Yakavi
71,-0.01196,0.07975,0.04318,0.0779,0.2056,0.1277,4,Yakavi
89,-0.01196,0.07975,0.04318,0.0895,0.2087,0.1192,4,Yakavi
70,-0.01244,0.09492,-0.05804,0.0766,0.2153,0.1387,4,Yakavi
88,-0.01244,0.09492,-0.05804,0.0882,0.2206,0.1324,4,Yakavi
88,-0.01244,0.09492,-0.05804,0.0842,0.2491,0.1649,4,Yakavi
75,-0.01244,0.09492,-0.05804,0.1201,0.2707,0.1506,4,Yakavi
83,-0.06596,0.12285,-0.01013,0.0945,0.2153,0.1208,5,Yakavi
75,-0.06596,0.12285,-0.01013,0.0813,0.2897,0.2084,5,Yakavi
83,-0.06596,0.12285,-0.01013,0.0708,0.2905,0.2197,5,Yakavi
80,-0.06596,0.12285,-0.01013,0.0797,0.1973,0.1176,5,Yakavi
79,-0.00914,0.10374,0.07085,0.0668,0.3259,0.2591,5,Yakavi
80,-0.00914,0.10374,0.07085,0.0702,0.3103,0.2401,5,Yakavi
84,-0.00914,0.10374,0.07085,0.0805,0.2388,0.1583,5,Yakavi
75,-0.00914,0.10374,0.07085,0.0771,0.2077,0.1306,5,Yakavi
89,0.00041,0.1004,0.01659,0.0739,0.2359,0.162,5,Yakavi
88,0.00041,0.1004,0.01659,0.0618,0.2034,0.1416,5,Yakavi
76,0.00041,0.1004,0.01659,0.0692,0.2934,0.2242,5,Yakavi
84,0.00041,0.1004,0.01659,0.075,0.4214,0.3464,5,Yakavi
70,-0.01504,0.10227,-0.06842,0.1127,0.2074,0.0947,5,Yakavi
74,-0.01504,0.10227,-0.06842,0.1006,0.3217,0.2211,5,Yakavi
70,-0.01504,0.10227,-0.06842,0.08,0.2011,0.1211,5,Yakavi
74,-0.01504,0.10227,-0.06842,0.0697,0.2195,0.1498,5,Yakavi
75,-0.02611,0.10461,-0.05884,0.0642,0.2077,0.1435,5,Yakavi
78,-0.02611,0.10461,-0.05884,0.065,0.238,0.173,5,Yakavi
76,-0.02611,0.10461,-0.05884,0.0834,0.2591,0.1757,5,Yakavi
78,-0.02611,0.10461,-0.05884,0.0832,0.2169,0.1337,5,Yakavi
81,-0.02171,0.07745,-0.00696,0.0789,0.2055,0.1266,5,Yakavi
83,-0.02171,0.07745,-0.00696,0.0834,0.2142,0.1308,5,Yakavi
76,-0.02171,0.07745,-0.00696,0.0842,0.1855,0.1013,5,Yakavi
83,-0.02171,0.07745,-0.00696,0.0715,0.1817,0.1102,5,Yakavi
83,-0.01918,0.07721,-0.00988,0.0821,0.1739,0.0918,5,Yakavi
76,-0.01918,0.07721,-0.00988,0.0676,0.1836,0.116,5,Yakavi
83,-0.01918,0.07721,-0.00988,0.0927,0.1694,0.0767,5,Yakavi
83,-0.01918,0.07721,-0.00988,0.0818,0.1994,0.1176,5,Yakavi
76,0.00234,0.09233,-0.06683,0.0927,0.2829,0.1902,5,Yakavi
88,0.00234,0.09233,-0.06683,0.0808,0.3473,0.2665,5,Yakavi
88,0.00234,0.09233,-0.06683,0.0887,0.4129,0.3242,5,Yakavi
76,0.00234,0.09233,-0.06683,0.0839,0.2195,0.1356,5,Yakavi
88,0.01904,0.09268,-0.05799,0.0834,0.3277,0.2443,5,Yakavi
76,0.01904,0.09268,-0.05799,0.0858,0.2486,0.1628,5,Yakavi
83,0.01904,0.09268,-0.05799,0.0776,0.1884,0.1108,5,Yakavi
76,0.01904,0.09268,-0.05799,0.0842,0.1849,0.1007,5,Yakavi
83,-0.01082,0.10592,-0.03077,0.0763,0.158,0.0817,5,Yakavi
76,-0.01082,0.10592,-0.03077,0.1003,0.2211,0.1208,5,Yakavi
83,-0.01082,0.10592,-0.03077,0.0964,0.2037,0.1073,5,Yakavi
76,-0.01082,0.10592,-0.03077,0.0853,0.38,0.2947,5,Yakavi
83,-0.03368,0.11713,0.02274,0.085,0.181,0.096,5,Yakavi
76,-0.03368,0.11713,0.02274,0.0842,0.2187,0.1345,5,Yakavi
83,-0.03368,0.11713,0.02274,0.0813,0.1776,0.0963,5,Yakavi
81,-0.03368,0.11713,0.02274,0.0913,0.1923,0.101,5,Yakavi
83,-0.00796,0.08932,-0.01985,0.0892,0.2092,0.12,5,Yakavi
81,-0.00796,0.08932,-0.01985,0.0805,0.1958,0.1153,5,Yakavi
78,-0.00796,0.08932,-0.01985,0.0829,0.2116,0.1287,5,Yakavi
81,-0.00796,0.08932,-0.01985,0.0966,0.2206,0.124,5,Yakavi
78,-0.031,0.08047,-0.09506,0.0768,0.2031,0.1263,5,Yakavi
81,-0.031,0.08047,-0.09506,0.0948,0.1757,0.0809,5,Yakavi
78,-0.031,0.08047,-0.09506,0.0839,0.149,0.0651,5,Yakavi
76,-0.031,0.08047,-0.09506,0.1027,0.1892,0.0865,5,Yakavi
78,-0.01621,0.09507,-0.03671,0.0979,0.1841,0.0862,5,Yakavi
70,-0.01621,0.09507,-0.03671,0.1151,0.2111,0.096,5,Yakavi
79,-0.01621,0.09507,-0.03671,0.0713,0.242,0.1707,5,Yakavi
70,-0.01621,0.09507,-0.03671,0.0892,0.2343,0.1451,5,Yakavi
79,-0.01583,0.1051,0.02752,0.085,0.1797,0.0947,5,Yakavi
75,-0.01583,0.1051,0.02752,0.0679,0.1985,0.1306,5,Yakavi
84,-0.01583,0.1051,0.02752,0.0945,0.2295,0.135,5,Yakavi
84,-0.01583,0.1051,0.02752,0.0705,0.1844,0.1139,5,Yakavi
75,0.00534,0.11407,0.0228,0.0913,0.1693,0.078,5,Yakavi
84,0.00534,0.11407,0.0228,0.1074,0.1931,0.0857,5,Yakavi
80,0.00534,0.11407,0.0228,0.0774,0.1763,0.0989,5,Yakavi
83,0.00534,0.11407,0.0228,0.0808,0.1997,0.1189,5,Yakavi
80,0.01119,0.10901,0.03063,0.0903,0.2148,0.1245,5,Yakavi
88,0.01119,0.10901,0.03063,0.081,0.1699,0.0889,5,Yakavi
86,0.01119,0.10901,0.03063,0.0824,0.1934,0.111,5,Yakavi
88,0.01119,0.10901,0.03063,0.0834,0.2332,0.1498,5,Yakavi
88,-0.01651,0.10496,0.03818,0.0924,0.1697,0.0773,5,Yakavi
81,-0.01651,0.10496,0.03818,0.0795,0.2114,0.1319,5,Yakavi
83,-0.01651,0.10496,0.03818,0.0805,0.1783,0.0978,5,Yakavi
70,-0.01651,0.10496,0.03818,0.0832,0.1739,0.0907,5,Yakavi
69,-0.00575,0.09172,-0.03969,0.0847,0.2179,0.1332,5,Yakavi
65,-0.00575,0.09172,-0.03969,0.0805,0.2021,0.1216,5,Yakavi
99,-0.00575,0.09172,-0.03969,0.0797,0.1847,0.105,5,Yakavi
99,-0.00575,0.09172,-0.03969,0.0913,0.2161,0.1248,5,Yakavi
78,-0.04129,0.1102,-0.10111,0.0816,0.1604,0.0788,5,Yakavi
83,-0.04129,0.1102,-0.10111,0.075,0.1549,0.0799,5,Yakavi
71,-0.04129,0.1102,-0.10111,0.0792,0.1646,0.0854,5,Yakavi
89,-0.04129,0.1102,-0.10111,0.0837,0.172,0.0883,5,Yakavi
86,-0.03486,0.09785,-0.03122,0.0879,0.1306,0.0427,5,Yakavi
89,-0.03486,0.09785,-0.03122,0.0779,0.2063,0.1284,5,Yakavi
85,-0.03486,0.09785,-0.03122,0.0863,0.1878,0.1015,5,Yakavi
89,-0.03486,0.09785,-0.03122,0.0905,0.1881,0.0976,5,Yakavi
88,-0.02932,0.09637,0.01219,0.0795,0.1979,0.1184,5,Yakavi
87,-0.02932,0.09637,0.01219,0.0937,0.1878,0.0941,5,Yakavi
76,-0.02932,0.09637,0.01219,0.0887,0.1662,0.0775,5,Yakavi
84,-0.02932,0.09637,0.01219,0.0789,0.1472,0.0683,5,Yakavi
75,-0.0049,0.10889,-0.01853,0.0824,0.1536,0.0712,5,Yakavi
79,-0.0049,0.10889,-0.01853,0.0861,0.1552,0.0691,5,Yakavi
73,-0.0049,0.10889,-0.01853,0.0948,0.1678,0.073,5,Yakavi
73,-0.0049,0.10889,-0.01853,0.0874,0.1631,0.0757,5,Yakavi
75,-0.00754,0.10815,-0.02036,0.0834,0.2002,0.1168,5,Yakavi
78,-0.00754,0.10815,-0.02036,0.0845,0.1813,0.0968,5,Yakavi
71,-0.00754,0.10815,-0.02036,0.0879,0.1612,0.0733,5,Yakavi
83,-0.00754,0.10815,-0.02036,0.0911,0.1892,0.0981,5,Yakavi
76,-0.03025,0.09261,0.02146,0.0768,0.148,0.0712,5,Yakavi
88,-0.03025,0.09261,0.02146,0.0824,0.1393,0.0569,5,Yakavi
81,-0.03025,0.09261,0.02146,0.0903,0.1464,0.0561,5,Yakavi
88,-0.03025,0.09261,0.02146,0.0953,0.1805,0.0852,5,Yakavi
86,-0.00439,0.07629,0.02259,0.0993,0.1647,0.0654,6,Yakavi
83,-0.00439,0.07629,0.02259,0.1069,0.1884,0.0815,6,Yakavi
86,-0.00439,0.07629,0.02259,0.0898,0.1734,0.0836,6,Yakavi
73,-0.00439,0.07629,0.02259,0.0863,0.1585,0.0722,6,Yakavi
75,0.00269,0.10547,-0.07214,0.0818,0.2332,0.1514,6,Yakavi
74,0.00269,0.10547,-0.07214,0.0913,0.2649,0.1736,6,Yakavi
75,0.00269,0.10547,-0.07214,0.08,0.399,0.319,6,Yakavi
78,0.00269,0.10547,-0.07214,0.0718,0.8027,0.7309,6,Yakavi
83,-0.01325,0.11064,-0.1131,0.0845,0.2594,0.1749,6,Yakavi
80,-0.01325,0.11064,-0.1131,0.0895,0.3016,0.2121,6,Yakavi
88,-0.01325,0.11064,-0.1131,0.0953,0.2367,0.1414,6,Yakavi
80,-0.01325,0.11064,-0.1131,0.0797,0.2295,0.1498,6,Yakavi
88,-0.01275,0.08307,-0.0061,0.1024,0.4034,0.301,6,Yakavi
75,-0.01275,0.08307,-0.0061,0.0842,0.2681,0.1839,6,Yakavi
78,-0.01275,0.08307,-0.0061,0.061,0.2699,0.2089,6,Yakavi
70,-0.01275,0.08307,-0.0061,0.0982,0.2356,0.1374,6,Yakavi
74,-0.0339,0.08299,-0.01072,0.07,0.3483,0.2783,6,Yakavi
76,-0.0339,0.08299,-0.01072,0.099,0.3016,0.2026,6,Yakavi
78,-0.0339,0.08299,-0.01072,0.0779,0.3064,0.2285,6,Yakavi
81,-0.0339,0.08299,-0.01072,0.0927,0.2182,0.1255,6,Yakavi
83,-0.00709,0.08068,0.01908,0.1143,0.6631,0.5488,6,Yakavi
83,-0.00709,0.08068,0.01908,0.089,0.2225,0.1335,6,Yakavi
80,-0.00709,0.08068,0.01908,0.1156,0.3301,0.2145,6,Yakavi
89,-0.00709,0.08068,0.01908,0.1008,0.2836,0.1828,6,Yakavi
85,0.00188,0.09302,-0.01126,0.1066,0.2976,0.191,6,Yakavi
89,0.00188,0.09302,-0.01126,0.0744,0.2374,0.163,6,Yakavi
71,0.00188,0.09302,-0.01126,0.09,0.2306,0.1406,6,Yakavi
83,0.00188,0.09302,-0.01126,0.0892,0.2364,0.1472,6,Yakavi
71,-0.02321,0.07836,0.00931,0.0919,0.2892,0.1973,6,Yakavi
79,-0.02321,0.07836,0.00931,0.1019,0.2641,0.1622,6,Yakavi
70,-0.02321,0.07836,0.00931,0.1138,0.2488,0.135,6,Yakavi
74,-0.02321,0.07836,0.00931,0.0985,0.2357,0.1372,6,Yakavi
84,-0.02227,0.10838,-0.07289,0.1008,0.2543,0.1535,6,Yakavi
81,-0.02227,0.10838,-0.07289,0.0892,0.2406,0.1514,6,Yakavi
84,-0.02227,0.10838,-0.07289,0.0921,0.2081,0.116,6,Yakavi
89,-0.02227,0.10838,-0.07289,0.0774,0.2499,0.1725,6,Yakavi
81,-0.03237,0.11175,-0.07239,0.1233,0.2269,0.1036,6,Yakavi
88,-0.03237,0.11175,-0.07239,0.0774,0.1853,0.1079,6,Yakavi
76,-0.03237,0.11175,-0.07239,0.104,0.2343,0.1303,6,Yakavi
88,-0.03237,0.11175,-0.07239,0.1111,0.2923,0.1812,6,Yakavi
83,0.00329,0.11145,-0.02943,0.0845,0.8022,0.7177,6,Yakavi
81,0.00329,0.11145,-0.02943,0.0937,0.2968,0.2031,6,Yakavi
73,0.00329,0.11145,-0.02943,0.108,0.2554,0.1474,6,Yakavi
74,0.00329,0.11145,-0.02943,0.0982,0.2285,0.1303,6,Yakavi
81,-0.00106,0.10908,0.0028,0.1101,0.2488,0.1387,6,Yakavi
69,-0.00106,0.10908,0.0028,0.0824,0.2657,0.1833,6,Yakavi
86,-0.00106,0.10908,0.0028,0.0861,0.2866,0.2005,6,Yakavi
68,-0.00106,0.10908,0.0028,0.1016,0.2725,0.1709,6,Yakavi
86,-0.03631,0.10945,-0.0265,0.1088,0.2227,0.1139,6,Yakavi
99,-0.03631,0.10945,-0.0265,0.094,0.2248,0.1308,6,Yakavi
99,-0.03631,0.10945,-0.0265,0.0803,0.1607,0.0804,6,Yakavi
86,-0.03631,0.10945,-0.0265,0.0964,0.2048,0.1084,6,Yakavi
78,-0.0085,0.0942,0.00596,0.0937,0.2301,0.1364,6,Yakavi
81,-0.0085,0.0942,0.00596,0.0842,0.3053,0.2211,6,Yakavi
83,-0.0085,0.0942,0.00596,0.1106,0.2488,0.1382,6,Yakavi
89,-0.0085,0.0942,0.00596,0.1262,0.2897,0.1635,6,Yakavi
71,-0.01953,0.09198,0.02034,0.1249,0.2452,0.1203,6,Yakavi
89,-0.01953,0.09198,0.02034,0.0869,0.3428,0.2559,6,Yakavi
71,-0.01953,0.09198,0.02034,0.0913,0.2406,0.1493,6,Yakavi
69,-0.01953,0.09198,0.02034,0.1014,0.2853,0.1839,6,Yakavi
69,-0.02838,0.08844,0.05374,0.1156,0.2884,0.1728,6,Yakavi
70,-0.02838,0.08844,0.05374,0.0871,0.1939,0.1068,6,Yakavi
73,-0.02838,0.08844,0.05374,0.0911,0.3752,0.2841,6,Yakavi
72,-0.02838,0.08844,0.05374,0.1016,0.3121,0.2105,6,Yakavi
77,0.01664,0.10107,-0.02624,0.0784,0.2546,0.1762,6,Yakavi
82,0.01664,0.10107,-0.02624,0.1029,0.273,0.1701,6,Yakavi
71,0.01664,0.10107,-0.02624,0.1051,0.2069,0.1018,6,Yakavi
88,0.01664,0.10107,-0.02624,0.1077,0.1657,0.058,6,Yakavi
83,-0.00357,0.13408,-0.14269,0.0998,0.1763,0.0765,6,Yakavi
84,-0.00357,0.13408,-0.14269,0.0969,0.1636,0.0667,6,Yakavi
81,-0.00357,0.13408,-0.14269,0.1201,0.215,0.0949,6,Yakavi
74,-0.00357,0.13408,-0.14269,0.1259,0.2274,0.1015,6,Yakavi
35,-0.0279,0.11164,-0.09391,0.119,0.2129,0.0939,6,Yakavi
69,-0.0279,0.11164,-0.09391,0.0969,0.1858,0.0889,6,Yakavi
68,-0.0279,0.11164,-0.09391,0.1053,0.2016,0.0963,6,Yakavi
65,-0.0279,0.11164,-0.09391,0.1146,0.1787,0.0641,6,Yakavi
77,-0.01292,0.08305,0.00752,0.1138,0.2974,0.1836,6,Yakavi
65,-0.01292,0.08305,0.00752,0.1114,0.2235,0.1121,6,Yakavi
78,-0.01292,0.08305,0.00752,0.1154,0.2087,0.0933,6,Yakavi
83,-0.01292,0.08305,0.00752,0.0934,0.1656,0.0722,6,Yakavi
84,-0.01233,0.08095,0.01043,0.0971,0.1947,0.0976,6,Yakavi
70,-0.01233,0.08095,0.01043,0.0874,0.3193,0.2319,6,Yakavi
84,-0.01233,0.08095,0.01043,0.0953,0.1963,0.101,6,Yakavi
88,-0.01233,0.08095,0.01043,0.1095,0.2015,0.092,6,Yakavi
86,-0.03432,0.09608,-0.04028,0.0887,0.1601,0.0714,6,Yakavi
126,-0.03432,0.09608,-0.04028,0.1285,0.2153,0.0868,6,Yakavi
43,-0.03432,0.09608,-0.04028,0.0966,0.22,0.1234,6,Yakavi
35,-0.03432,0.09608,-0.04028,0.1006,0.1443,0.0437,6,Yakavi
64,-0.00801,0.0945,0.00707,0.1206,0.1986,0.078,6,Yakavi
90,-0.00801,0.0945,0.00707,0.0942,0.1831,0.0889,6,Yakavi
79,-0.00801,0.0945,0.00707,0.1164,0.1929,0.0765,6,Yakavi
74,-0.00801,0.0945,0.00707,0.1198,0.2488,0.129,6,Yakavi
69,0.0331,0.103,0.03184,0.1185,0.1905,0.072,6,Yakavi
70,0.0331,0.103,0.03184,0.1344,0.2399,0.1055,6,Yakavi
68,0.0331,0.103,0.03184,0.137,0.2121,0.0751,6,Yakavi
65,0.0331,0.103,0.03184,0.1051,0.1874,0.0823,6,Yakavi
82,0.01034,0.12656,0.00616,0.1016,0.2308,0.1292,6,Yakavi
71,0.01034,0.12656,0.00616,0.0929,0.1881,0.0952,6,Yakavi
88,0.01034,0.12656,0.00616,0.1069,0.2554,0.1485,6,Yakavi
88,0.01034,0.12656,0.00616,0.104,0.2029,0.0989,6,Yakavi
81,-0.03904,0.12601,-0.01379,0.0842,0.2008,0.1166,7,Yakavi
89,-0.03904,0.12601,-0.01379,0.0998,0.1398,0.04,7,Yakavi
86,-0.03904,0.12601,-0.01379,0.0953,0.1596,0.0643,7,Yakavi
84,-0.03904,0.12601,-0.01379,0.0977,0.205,0.1073,7,Yakavi
74,-0.06511,0.10082,-0.02746,0.118,0.1757,0.0577,7,Yakavi
76,-0.06511,0.10082,-0.02746,0.108,0.1839,0.0759,7,Yakavi
74,-0.06511,0.10082,-0.02746,0.1074,0.206,0.0986,7,Yakavi
78,-0.06511,0.10082,-0.02746,0.1225,0.2256,0.1031,7,Yakavi
66,-0.04264,0.10407,-0.0583,0.0966,0.1976,0.101,7,Yakavi
88,-0.04264,0.10407,-0.0583,0.0839,0.1825,0.0986,7,Yakavi
81,-0.04264,0.10407,-0.0583,0.1093,0.1501,0.0408,7,Yakavi
89,-0.04264,0.10407,-0.0583,0.0974,0.1549,0.0575,7,Yakavi
76,-0.01434,0.09251,-0.04877,0.0837,0.1372,0.0535,7,Yakavi
79,-0.01434,0.09251,-0.04877,0.085,0.1343,0.0493,7,Yakavi
74,-0.01434,0.09251,-0.04877,0.0713,0.1451,0.0738,7,Yakavi
76,-0.01434,0.09251,-0.04877,0.095,0.172,0.077,7,Yakavi
78,0.00758,0.09125,-0.01041,0.0832,0.1502,0.067,7,Yakavi
75,0.00758,0.09125,-0.01041,0.0858,0.1551,0.0693,7,Yakavi
78,0.00758,0.09125,-0.01041,0.0652,0.1298,0.0646,7,Yakavi
84,0.00758,0.09125,-0.01041,0.0818,0.1598,0.078,7,Yakavi
84,0.01374,0.08785,0.01865,0.0737,0.1752,0.1015,7,Yakavi
76,0.01374,0.08785,0.01865,0.0795,0.1385,0.059,7,Yakavi
88,0.01374,0.08785,0.01865,0.0879,0.1443,0.0564,7,Yakavi
76,0.01374,0.08785,0.01865,0.0861,0.1449,0.0588,7,Yakavi
84,0.00745,0.08518,0.00963,0.08,0.1514,0.0714,7,Yakavi
80,0.00745,0.08518,0.00963,0.0676,0.1179,0.0503,7,Yakavi
80,0.00745,0.08518,0.00963,0.1,0.1596,0.0596,7,Yakavi
85,0.00745,0.08518,0.00963,0.0834,0.1456,0.0622,7,Yakavi
89,-0.03017,0.10072,-0.05108,0.0787,0.1256,0.0469,7,Yakavi
90,-0.03017,0.10072,-0.05108,0.089,0.138,0.049,7,Yakavi
126,-0.03017,0.10072,-0.05108,0.1119,0.1575,0.0456,7,Yakavi
126,-0.03017,0.10072,-0.05108,0.0832,0.1351,0.0519,7,Yakavi
81,-0.01603,0.10214,-0.0443,0.0882,0.181,0.0928,7,Yakavi
126,-0.01603,0.10214,-0.0443,0.0826,0.1567,0.0741,7,Yakavi
76,-0.01603,0.10214,-0.0443,0.1022,0.1657,0.0635,7,Yakavi
83,-0.01603,0.10214,-0.0443,0.0744,0.1709,0.0965,7,Yakavi
74,-0.02694,0.11742,-0.05152,0.0478,0.1538,0.106,7,Yakavi
70,-0.02694,0.11742,-0.05152,0.0723,0.1416,0.0693,7,Yakavi
79,-0.02694,0.11742,-0.05152,0.0876,0.1685,0.0809,7,Yakavi
70,-0.02694,0.11742,-0.05152,0.1016,0.1688,0.0672,7,Yakavi
89,-0.03484,0.1039,-0.01417,0.0779,0.1501,0.0722,7,Yakavi
80,-0.03484,0.1039,-0.01417,0.0876,0.1335,0.0459,7,Yakavi
89,-0.03484,0.1039,-0.01417,0.1061,0.1704,0.0643,7,Yakavi
81,-0.03484,0.1039,-0.01417,0.0842,0.1564,0.0722,7,Yakavi
64,-0.0295,0.08827,0.02646,0.0961,0.2847,0.1886,7,Yakavi
126,-0.0295,0.08827,0.02646,0.0787,0.1594,0.0807,7,Yakavi
81,-0.0295,0.08827,0.02646,0.0744,0.139,0.0646,7,Yakavi
126,-0.0295,0.08827,0.02646,0.1045,0.1554,0.0509,7,Yakavi
76,-0.00413,0.08536,0.02669,0.1074,0.1963,0.0889,7,Yakavi
88,-0.00413,0.08536,0.02669,0.0839,0.1712,0.0873,7,Yakavi
71,-0.00413,0.08536,0.02669,0.0818,0.1775,0.0957,7,Yakavi
83,-0.00413,0.08536,0.02669,0.0974,0.1931,0.0957,7,Yakavi
76,0.01457,0.08511,-0.03658,0.0916,0.1607,0.0691,7,Yakavi
79,0.01457,0.08511,-0.03658,0.0657,0.1258,0.0601,7,Yakavi
79,0.01457,0.08511,-0.03658,0.0853,0.1823,0.097,7,Yakavi
80,0.01457,0.08511,-0.03658,0.1008,0.2039,0.1031,7,Yakavi
84,-0.0143,0.09984,-0.04348,0.1183,0.3251,0.2068,7,Yakavi
80,-0.0143,0.09984,-0.04348,0.0913,0.268,0.1767,7,Yakavi
89,-0.0143,0.09984,-0.04348,0.1006,0.1953,0.0947,7,Yakavi
80,-0.0143,0.09984,-0.04348,0.1056,0.2092,0.1036,7,Yakavi
89,-0.02516,0.10008,-0.01697,0.0948,0.1987,0.1039,7,Yakavi
89,-0.02516,0.10008,-0.01697,0.0964,0.2103,0.1139,7,Yakavi
89,-0.02516,0.10008,-0.01697,0.089,0.2069,0.1179,7,Yakavi
81,-0.02516,0.10008,-0.01697,0.0781,0.1941,0.116,7,Yakavi
81,-0.01259,0.1008,-0.0398,0.0956,0.1858,0.0902,7,Yakavi
126,-0.01259,0.1008,-0.0398,0.0858,0.1691,0.0833,7,Yakavi
76,-0.01259,0.1008,-0.0398,0.0866,0.148,0.0614,7,Yakavi
126,-0.01259,0.1008,-0.0398,0.0998,0.1736,0.0738,7,Yakavi
71,-0.014,0.11416,-0.0265,0.0663,0.1926,0.1263,7,Yakavi
88,-0.014,0.11416,-0.0265,0.0787,0.1438,0.0651,7,Yakavi
71,-0.014,0.11416,-0.0265,0.0903,0.1557,0.0654,7,Yakavi
84,-0.014,0.11416,-0.0265,0.0768,0.1699,0.0931,7,Yakavi
79,0.01703,0.11152,-0.00566,0.0961,0.1979,0.1018,7,Yakavi
